Year,FIPS,State,County,Unreliable,Deaths,Years of Potential Life Lost Rate,95% CI - Low,95% CI - High,National Z-Score,YPLL Rate (Hispanic (all races)),YPLL Rate (Hispanic (all races)) 95% CI - Low,YPLL Rate (Hispanic (all races)) 95% CI - High,YPLL Rate (Hispanic (all races)) Unreliable,YPLL Rate (Non-Hispanic AIAN),YPLL Rate (Non-Hispanic AIAN) 95% CI - Low,YPLL Rate (Non-Hispanic AIAN) 95% CI - High,YPLL Rate (Non-Hispanic AIAN) Unreliable,YPLL Rate (Non-Hispanic Asian),YPLL Rate (Non-Hispanic Asian) 95% CI - Low,YPLL Rate (Non-Hispanic Asian) 95% CI - High,YPLL Rate (Non-Hispanic Asian) Unreliable,YPLL Rate (Non-Hispanic Black),YPLL Rate (Non-Hispanic Black) 95% CI - Low,YPLL Rate (Non-Hispanic Black) 95% CI - High,YPLL Rate (Non-Hispanic Black) Unreliable,YPLL Rate (Non-Hispanic Native Hawaiian and Other Pacific Islander),YPLL Rate (Non-Hispanic Native Hawaiian and Other Pacific Islander) 95% CI - Low,YPLL Rate (Non-Hispanic Native Hawaiian and Other Pacific Islander) 95% CI - High,YPLL Rate (Non-Hispanic Native Hawaiian and Other Pacific Islander) Unreliable,YPLL Rate (Non-Hispanic 2+ races),YPLL Rate (Non-Hispanic 2+ races) 95% CI - Low,YPLL Rate (Non-Hispanic 2+ races) 95% CI - High,YPLL Rate (Non-Hispanic 2+ races) Unreliable,YPLL Rate (Non-Hispanic White),YPLL Rate (Non-Hispanic White) 95% CI - Low,YPLL Rate (Non-Hispanic White) 95% CI - High,YPLL Rate (Non-Hispanic White) Unreliable,% Fair or Poor Health,95% CI - Low,95% CI - High,National Z-Score,Average Number of Physically Unhealthy Days,95% CI - Low,95% CI - High,National Z-Score,Average Number of Mentally Unhealthy Days,95% CI - Low,95% CI - High,National Z-Score,Unreliable,% Low Birthweight,95% CI - Low,95% CI - High,National Z-Score,% LBW (Hispanic (all races)),% LBW (Hispanic (all races)) 95% CI - Low,% LBW (Hispanic (all races)) 95% CI - High,% LBW (Non-Hispanic AIAN),% LBW (Non-Hispanic AIAN) 95% CI - Low,% LBW (Non-Hispanic AIAN) 95% CI - High,% LBW (Non-Hispanic Asian),% LBW (Non-Hispanic Asian) 95% CI - Low,% LBW (Non-Hispanic Asian) 95% CI - High,% LBW (Non-Hispanic Black),% LBW (Non-Hispanic Black) 95% CI - Low,% LBW (Non-Hispanic Black) 95% CI - High,% LBW (Non-Hispanic Native Hawaiian and Other Pacific Islander),% LBW (Non-Hispanic Native Hawaiian and Other Pacific Islander) 95% CI - Low,% LBW (Non-Hispanic Native Hawaiian and Other Pacific Islander) 95% CI - High,% LBW (Non-Hispanic 2+ races),% LBW (Non-Hispanic 2+ races) 95% CI - Low,% LBW (Non-Hispanic 2+ races) 95% CI - High,% LBW (Non-Hispanic White),% LBW (Non-Hispanic White) 95% CI - Low,% LBW (Non-Hispanic White) 95% CI - High,% Adults Reporting Currently Smoking,95% CI - Low,95% CI - High,National Z-Score,% Adults with Obesity,95% CI - Low,95% CI - High,National Z-Score,Food Environment Index,National Z-Score,% Physically Inactive,95% CI - Low,95% CI - High,National Z-Score,% With Access to Exercise Opportunities,National Z-Score,% Excessive Drinking,95% CI - Low,95% CI - High,National Z-Score,# Alcohol-Impaired Driving Deaths,# Driving Deaths,% Driving Deaths with Alcohol Involvement,95% CI - Low,95% CI - High,National Z-Score,# Chlamydia Cases,Chlamydia Rate,National Z-Score,Teen Birth Rate,95% CI - Low,95% CI - High,National Z-Score,Teen Birth Rate (Hispanic (all races)),Teen Birth Rate (Hispanic (all races)) 95% CI - Low,Teen Birth Rate (Hispanic (all races)) 95% CI - High,Teen Birth Rate (Non-Hispanic AIAN),Teen Birth Rate (Non-Hispanic AIAN) 95% CI - Low,Teen Birth Rate (Non-Hispanic AIAN) 95% CI - High,Teen Birth Rate (Non-Hispanic Asian),Teen Birth Rate (Non-Hispanic Asian) 95% CI - Low,Teen Birth Rate (Non-Hispanic Asian) 95% CI - High,Teen Birth Rate (Non-Hispanic Black),Teen Birth Rate (Non-Hispanic Black) 95% CI - Low,Teen Birth Rate (Non-Hispanic Black) 95% CI - High,Teen Birth Rate (Non-Hispanic Native Hawaiian and Other Pacific Islander),Teen Birth Rate (Non-Hispanic Native Hawaiian and Other Pacific Islander) 95% CI - Low,Teen Birth Rate (Non-Hispanic Native Hawaiian and Other Pacific Islander) 95% CI - High,Teen Birth Rate (Non-Hispanic 2+ races),Teen Birth Rate (Non-Hispanic 2+ races) 95% CI - Low,Teen Birth Rate (Non-Hispanic 2+ races) 95% CI - High,Teen Birth Rate (Non-Hispanic White),Teen Birth Rate (Non-Hispanic White) 95% CI - Low,Teen Birth Rate (Non-Hispanic White) 95% CI - High,# Uninsured,% Uninsured,95% CI - Low,95% CI - High,National Z-Score,# Primary Care Physicians,Primary Care Physicians Rate,Primary Care Physicians Ratio,National Z-Score,# Dentists,Dentist Rate,Dentist Ratio,National Z-Score,# Mental Health Providers,Mental Health Provider Rate,Mental Health Provider Ratio,National Z-Score,Preventable Hospitalization Rate,National Z-Score,Preventable Hosp. Rate (AIAN),Preventable Hosp. Rate (Asian),Preventable Hosp. Rate (Black),Preventable Hosp. Rate (Hispanic),Preventable Hosp. Rate (White),% with Annual Mammogram,National Z-Score,% Screened (AIAN),% Screened (Asian),% Screened (Black),% Screened (Hispanic),% Screened (White),% Vaccinated,National Z-Score,% Vaccinated (AIAN),% Vaccinated (Asian),% Vaccinated (Black),% Vaccinated (Hispanic),% Vaccinated (White),# Completed High School,Population,% Completed High School,95% CI - Low,95% CI - High,National Z-Score,# Some College,Population,% Some College,95% CI - Low,95% CI - High,National Z-Score,# Unemployed,Labor Force,% Unemployed,National Z-Score,% Children in Poverty,95% CI - Low,95% CI - High,National Z-Score,% Children in Poverty (AIAN),% Children in Poverty (Asian),% Children in Poverty (Black),% Children in Poverty (Hispanic),% Children in Poverty (White),80th Percentile Income,20th Percentile Income,Income Ratio,National Z-Score,# Children in Single-Parent Households,# Children in Households,% Children in Single-Parent Households,95% CI - Low,95% CI - High,National Z-Score,# Associations,Social Association Rate,National Z-Score,# Injury Deaths,Injury Death Rate,95% CI - Low,95% CI - High,National Z-Score,Injury Death Rate (Hispanic (all races)),Injury Death Rate (Hispanic (all races)) 95% CI - Low,Injury Death Rate (Hispanic (all races)) 95% CI - High,Injury Death Rate (Non-Hispanic AIAN),Injury Death Rate (Non-Hispanic AIAN) 95% CI - Low,Injury Death Rate (Non-Hispanic AIAN) 95% CI - High,Injury Death Rate (Non-Hispanic Asian),Injury Death Rate (Non-Hispanic Asian) 95% CI - Low,Injury Death Rate (Non-Hispanic Asian) 95% CI - High,Injury Death Rate (Non-Hispanic Black),Injury Death Rate (Non-Hispanic Black) 95% CI - Low,Injury Death Rate (Non-Hispanic Black) 95% CI - High,Injury Death Rate (Non-Hispanic Native Hawaiian and Other Pacific Islander),Injury Death Rate (Non-Hispanic Native Hawaiian and Other Pacific Islander) 95% CI - Low,Injury Death Rate (Non-Hispanic Native Hawaiian and Other Pacific Islander) 95% CI - High,Injury Death Rate (Non-Hispanic 2+ races),Injury Death Rate (Non-Hispanic 2+ races) 95% CI - Low,Injury Death Rate (Non-Hispanic 2+ races) 95% CI - High,Injury Death Rate (Non-Hispanic White),Injury Death Rate (Non-Hispanic White) 95% CI - Low,Injury Death Rate (Non-Hispanic White) 95% CI - High,Average Daily PM2.5,National Z-Score,Presence of Water Violation,National Z-Score,% Severe Housing Problems,95% CI - Low,95% CI - High,Severe Housing Cost Burden,Severe Housing Cost Burden 95% CI - Low,Severe Housing Cost Burden 95% CI - High,Overcrowding,Overcrowding 95% CI - Low,Overcrowding 95% CI - High,Inadequate Facilities,Inadequate Facilities 95% CI - Low,Inadequate Facilities 95% CI - High,National Z-Score,% Drive Alone to Work,95% CI - Low,95% CI - High,National Z-Score,% Drive Alone (AIAN),% Drive Alone (AIAN) 95% CI - Low,% Drive Alone (AIAN) 95% CI - High,% Drive Alone (Asian),% Drive Alone (Asian) 95% CI - Low,% Drive Alone (Asian) 95% CI - High,% Drive Alone (Black),% Drive Alone (Black) 95% CI - Low,% Drive Alone (Black) 95% CI - High,% Drive Alone (Hispanic),% Drive Alone (Hispanic) 95% CI - Low,% Drive Alone (Hispanic) 95% CI - High,% Drive Alone (White),% Drive Alone (White) 95% CI - Low,% Drive Alone (White) 95% CI - High,# Workers who Drive Alone,% Long Commute - Drives Alone,95% CI - Low,95% CI - High,National Z-Score
2024,36000,New York,Total,,229510,6351,6311,6391,,,,,,,,,,,,,,,,,,,,,,,,,,,,,,14,13,15,,3.1,2.9,3.2,,4.2,4.1,4.4,,,8,8,8,,,,,,,,,,,,,,,,,,,,,,,12,12,13,,29,28,30,,8.6,,25,25,26,,93,,18,17,18,,1063,5083,21,20,22,,101657,512.5,,11,11,11,,,,,,,,,,,,,,,,,,,,,,,974408,6,6,6,,15938,80,1245:01:00,,16332,83,1205:01:00,,70003,356,281:01:00,,2641,,,,,,,43,,,,,,,50,,,,,,,12281021,14021808,88,87,88,,3816549,5416873,70,70,71,,411170,9616994,4.3,,19,18,19,,,,,,,171730,29612,5.8,,1071213,4106799,26,26,26,,15482,7.8,,55187,56,56,57,,,,,,,,,,,,,,,,,,,,,,,6.9,,,,22,22,23,18,18,18,5,5,5,1,1,1,,51,50,51,,,,,,,,,,,,,,,,,9394994,39,39,40,
2024,36001,New York,Albany,,3866,7088,6733,7442,-0.83,6944,5593,8295,,,,,,3166,2398,4102,,13873,12591,15155,,,,,,,,,,6234,5834,6633,,13,11,15,-1.1,3.2,2.7,3.8,-1.08,5,4.4,5.7,-0.32,,8,8,9,0.06,11,9,12,,,,9,8,10,12,11,13,,,,10,8,12,7,6,7,15,12,18,-0.92,32,29,35,-1.19,8.4,-0.71,21,18,25,-1.04,94,-1.4,19,17,21,0.8,21,86,24,19,30,-0.2,1394,444.3,0.2,8,7,9,-1.31,19,15,22,,,,2,1,4,19,17,22,,,,18,14,23,4,3,4,11576,5,4,5,-1.29,302,96,1039:01:00,-1.16,281,89,1124:01:00,-1.17,1364,432,232:01:00,-1.04,2471,-0.33,,1298,4917,1970,2269,46,-0.53,,33,38,30,47,56,-1.53,,52,36,40,58,196162,211845,93,92,93,-0.77,61640,79207,78,75,81,-1.64,4830,159594,3,-0.48,15,11,19,-0.5,,16,32,26,7,151344,32557,4.6,0.12,16252,56331,29,27,31,0.47,453,14.4,-0.54,896,58,54,62,-1.33,53,39,69,,,,20,12,30,81,69,94,,,,,,,59,54,63,7.5,-0.05,Yes,1.3,14,13,15,13,12,14,1,1,2,1,1,1,0.35,69,68,70,-1.2,,,,62,57,66,59,55,63,59,55,63,79,78,80,157506,21,19,22,-0.98
2024,36003,New York,Allegany,,700,7497,6589,8404,-0.71,,,,,,,,,,,,,,,,,,,,,,,,,,,,,15,12,17,-0.68,3.8,3.1,4.5,-0.2,4.9,4.2,5.7,-0.51,,7,7,8,-0.44,,,,,,,,,,,,,,,,,,,,,,22,18,27,0.76,37,32,41,-0.2,8.4,-0.71,24,20,28,-0.46,40,0.97,19,16,23,0.94,5,18,28,15,41,0.03,84,182.2,-0.77,10,9,12,-1.09,,,,,,,,,,,,,,,,,,,,,,1675,5,4,6,-1.23,16,35,2882:01:00,0.54,15,32,3113:01:00,0.49,120,257,389:01:00,-0.25,2714,-0.12,,,,,,46,-0.53,,,,,,42,-0.18,,,,,,27375,29967,91,90,92,-0.54,5952,9122,65,61,70,-0.56,771,19108,4,0.35,20,14,26,0.05,,,,42,25,109126,24858,4.4,-0.21,1524,9225,17,14,19,-0.75,73,15.8,-0.78,159,69,58,79,-0.96,,,,,,,,,,,,,,,,,,,,,,6.7,-0.52,Yes,1.3,12,11,14,10,8,11,2,1,2,2,1,3,-0.12,76,75,77,-0.27,,,,,,,,,,,,,,,,18985,32,29,34,-0.11
2024,36005,New York,Bronx,,20350,8835,8668,9002,-0.32,7371,7170,7571,,,,,,4330,3784,4875,,11220,10865,11575,,,,,,,,,,9993,9354,10632,,23,20,26,1.15,4,3.4,4.6,0.13,4.7,4.1,5.3,-0.84,,10,10,10,0.84,9,9,9,,,,12,11,12,13,12,13,,,,11,8,13,8,7,8,17,14,19,-0.61,35,31,38,-0.59,6.9,0.57,36,32,40,1.72,100,-1.67,14,12,16,-1.17,31,206,15,12,19,-0.82,15003,1052.9,2.46,18,17,18,-0.45,21,21,22,,,,5,4,6,14,13,15,,,,9,6,12,10,9,11,97639,8,8,9,-0.61,824,58,1729:01:00,-0.1,738,53,1870:01:00,-0.13,3542,257,390:01:00,-0.25,3749,0.81,1865,3022,4190,4297,2666,35,0.83,,29,37,31,40,38,0.21,9,45,32,33,49,703486,943981,75,74,75,2.46,220210,407691,54,53,55,0.4,47059,603694,7.8,3.43,35,32,38,1.88,34,26,35,38,18,105603,14613,7.2,3.37,176417,352026,50,48,52,2.57,402,2.8,1.53,4548,64,62,65,-1.14,54,52,57,,,,19,15,25,75,71,79,,,,,,,99,91,107,8.6,0.61,No,-0.77,38,37,39,29,28,30,12,12,13,1,1,2,5.74,24,23,24,-7.36,25,16,33,42,39,45,34,33,36,30,29,31,57,56,59,564284,57,55,60,1.89
2024,36007,New York,Broome,,2835,8272,7790,8753,-0.49,8604,6386,11343,,,,,,,,,,15458,12902,18014,,,,,,,,,,7986,7469,8503,,15,13,18,-0.59,3.7,3.1,4.3,-0.36,5.3,4.6,6,0.12,,8,7,8,-0.2,9,7,10,,,,8,6,10,14,12,16,,,,11,8,15,7,7,8,20,16,23,0.1,35,31,38,-0.61,7.9,-0.28,23,20,26,-0.71,86,-1.06,17,15,20,0.22,23,64,36,30,42,0.57,749,379.7,-0.04,12,11,13,-0.94,18,14,23,,,,,,,20,16,25,,,,18,13,24,11,10,13,7984,5,5,6,-1.18,155,79,1273:01:00,-0.67,136,69,1449:01:00,-0.59,495,251,398:01:00,-0.23,2643,-0.18,,2665,2477,1020,2619,46,-0.53,,30,38,47,47,55,-1.44,,49,41,39,56,118843,131196,91,90,91,-0.41,29078,43122,67,64,71,-0.75,3106,82307,3.8,0.14,27,23,31,0.9,,29,49,39,20,118670,22771,5.2,0.83,9591,37643,25,22,29,0.14,213,10.8,0.11,741,77,71,83,-0.67,62,41,91,,,,,,,106,81,138,,,,,,,79,73,86,7.2,-0.22,No,-0.77,15,14,16,13,12,14,2,1,2,1,0,1,0.43,76,74,77,-0.33,,,,53,44,62,53,44,61,57,47,66,80,78,81,84789,16,14,17,-1.39
2024,36009,New York,Cattaraugus,,1379,9635,8804,10466,-0.09,,,,,22406,16343,29980,,,,,,,,,,,,,,,,,,9334,8460,10208,,16,14,19,-0.3,3.9,3.2,4.6,-0.08,5.3,4.6,6.1,0.13,,8,7,8,-0.38,10,5,15,9,6,13,,,,,,,,,,9,5,13,7,7,8,21,17,26,0.52,41,37,46,0.88,8,-0.37,26,22,31,-0.1,59,0.13,18,15,21,0.52,10,41,24,16,33,-0.2,188,246,-0.53,17,15,19,-0.53,28,16,44,27,16,42,,,,,,,,,,30,18,46,16,14,18,3807,6,6,7,-0.96,33,43,2316:01:00,0.3,35,46,2184:01:00,0.09,133,174,575:01:00,0.12,3268,0.38,2775,,,,3176,42,-0.04,29,,,,43,42,-0.18,7,,39,28,43,47421,53128,89,88,90,-0.17,9047,16774,54,51,57,0.41,1323,32844,4,0.34,20,15,25,0.06,43,,3,27,24,107745,23161,4.7,0.12,3724,16812,22,19,25,-0.19,108,14.1,-0.48,275,72,63,80,-0.85,,,,158,97,245,,,,,,,,,,,,,72,63,81,7.2,-0.22,Yes,1.3,13,12,14,11,9,12,2,1,2,2,2,3,0.04,77,75,79,-0.11,80,75,86,,,,,,,75,60,90,77,75,78,32488,30,28,32,-0.26
2024,36011,New York,Cayuga,,1095,7320,6580,8060,-0.76,,,,,,,,,,,,,,,,,,,,,,,,,,,,,15,13,18,-0.59,3.9,3.2,4.6,0,5.2,4.4,5.9,-0.04,,7,6,8,-0.55,5,2,8,,,,,,,13,8,18,,,,7,3,11,7,6,8,22,17,26,0.59,41,36,45,0.68,8.6,-0.88,23,19,27,-0.77,79,-0.76,17,15,20,0.23,11,33,33,24,42,0.4,205,270.2,-0.44,14,12,15,-0.83,21,11,35,,,,,,,39,25,60,,,,25,15,39,12,10,14,2938,5,4,6,-1.22,22,29,3449:01:00,0.69,32,43,2344:01:00,0.18,163,217,460:01:00,-0.07,3511,0.6,,,1820,,3468,53,-1.4,,,36,,53,54,-1.34,,,31,38,54,49001,55374,88,87,89,-0.03,10931,18682,59,55,62,0.02,1217,35580,3.4,-0.15,18,13,23,-0.18,,11,24,13,17,125592,26649,4.7,0.2,3511,14761,24,20,28,-0.03,71,9.4,0.37,260,68,60,76,-0.99,,,,,,,,,,72,36,129,,,,,,,71,62,80,7,-0.34,Yes,1.3,12,11,14,11,10,12,1,1,2,2,1,2,-0.09,80,79,81,0.31,,,,,,,,,,53,37,70,78,77,80,34081,33,31,36,0.02
2024,36013,New York,Chautauqua,,2079,8616,8018,9214,-0.39,11146,8876,13415,,,,,,,,,,,,,,,,,,,,,,8386,7744,9028,,17,14,20,-0.26,4,3.3,4.8,0.19,5.2,4.5,6.1,-0.01,,8,7,9,-0.16,10,8,12,,,,,,,13,6,19,,,,9,5,13,8,7,8,22,18,26,0.71,38,34,43,0.15,7.6,-0.03,25,21,29,-0.29,78,-0.69,17,15,20,0.12,6,53,11,6,19,-1.07,433,341.5,-0.18,21,19,23,-0.19,40,33,47,,,,,,,,,,,,,34,24,46,18,17,20,5325,6,5,6,-1.14,80,63,1585:01:00,-0.25,69,55,1826:01:00,-0.17,239,190,527:01:00,0.05,2309,-0.48,12209,,7642,3061,2150,46,-0.53,34,,34,32,47,52,-1.15,11,47,34,43,52,80176,89404,90,89,90,-0.24,17023,28498,60,56,63,-0.09,2061,53318,3.9,0.21,27,21,32,0.85,21,29,59,52,19,110465,22123,5,0.55,7004,25700,27,24,31,0.31,206,16.2,-0.86,506,79,73,86,-0.58,96,71,127,,,,,,,110,61,181,,,,,,,79,71,86,5.9,-1,No,-0.77,14,13,16,12,11,14,1,1,2,2,1,2,0.36,78,76,79,-0.04,,,,,,,57,50,65,66,56,75,79,77,81,53861,21,19,22,-0.98
2024,36015,New York,Chemung,,1462,9355,8591,10118,-0.17,,,,,,,,,,,,,15161,11569,19515,,,,,,,,,,9117,8309,9926,,15,13,18,-0.57,3.7,3.1,4.4,-0.25,5.4,4.7,6.2,0.35,,8,7,8,-0.36,13,9,17,,,,8,4,13,10,7,13,,,,11,7,14,7,6,8,22,18,27,0.81,36,32,41,-0.24,7.9,-0.28,26,22,30,-0.1,82,-0.87,18,16,21,0.59,10,36,28,19,37,0.03,324,390.1,0,23,21,26,0.03,45,31,63,,,,,,,40,29,55,,,,26,18,38,21,19,24,3188,5,4,6,-1.25,65,78,1278:01:00,-0.67,53,65,1536:01:00,-0.47,271,333,300:01:00,-0.59,4118,1.14,,,4127,,4170,49,-0.91,,45,44,,50,49,-0.86,,44,41,24,50,53153,58945,90,89,91,-0.33,12162,20233,60,56,64,-0.12,1272,34832,3.7,0.04,21,16,26,0.2,,8,31,56,14,114728,27081,4.2,-0.4,4596,17548,26,22,30,0.21,90,10.8,0.11,379,90,81,100,-0.2,,,,,,,,,,156,111,213,,,,,,,91,81,101,6.9,-0.4,No,-0.77,14,12,15,12,10,14,1,1,2,1,0,1,0.19,81,79,82,0.39,,,,,,,66,53,79,,,,83,82,84,35625,17,15,19,-1.27
2024,36017,New York,Chenango,,818,9149,8069,10229,-0.23,,,,,,,,,,,,,,,,,,,,,,,,,,,,,15,12,18,-0.63,3.5,2.8,4.2,-0.61,5,4.3,5.8,-0.29,,7,6,8,-0.67,,,,,,,,,,,,,,,,,,,,,,23,18,27,0.95,39,34,43,0.26,8.5,-0.79,25,21,29,-0.33,54,0.34,18,15,20,0.25,6,31,19,10,30,-0.54,111,238.5,-0.56,19,17,22,-0.31,,,,,,,,,,,,,,,,,,,,,,1861,5,4,6,-1.22,14,30,3324:01:00,0.66,15,32,3097:01:00,0.48,89,192,522:01:00,0.04,2494,-0.31,,,,,,46,-0.53,,,,,,47,-0.66,,,28,44,47,30062,33959,89,87,90,-0.04,5718,10469,55,50,59,0.35,716,21872,3.3,-0.27,17,11,23,-0.3,,,43,10,17,114183,27585,4.1,-0.53,2107,9613,22,18,26,-0.21,47,10.1,0.24,170,72,61,83,-0.84,,,,,,,,,,,,,,,,,,,,,,6.7,-0.52,No,-0.77,13,11,15,11,9,13,2,1,2,1,0,1,0.09,79,77,81,0.17,,,,,,,,,,,,,,,,20856,32,29,34,-0.12
2024,36019,New York,Clinton,,1087,6388,5771,7004,-1.03,,,,,,,,,,,,,,,,,,,,,,,,,,,,,15,12,17,-0.7,3.6,3,4.4,-0.48,5,4.3,5.9,-0.33,,8,7,8,-0.33,9,4,15,,,,,,,,,,,,,,,,8,7,8,20,16,24,0.15,38,34,43,0.18,8.3,-0.62,25,21,29,-0.42,67,-0.23,20,17,23,1.13,6,27,22,12,33,-0.34,170,213.6,-0.65,11,9,12,-1.08,,,,,,,,,,,,,,,,,,,,,,3171,5,4,6,-1.19,64,80,1244:01:00,-0.72,51,65,1544:01:00,-0.46,271,344,291:01:00,-0.64,2928,0.08,,,,,,53,-1.4,,31,22,,54,48,-0.76,28,49,37,29,48,48556,55243,88,87,89,0.07,11882,19313,62,57,66,-0.24,1182,35418,3.3,-0.22,14,9,19,-0.65,,3,49,40,15,126738,27367,4.6,0.09,2922,14267,20,17,24,-0.36,51,6.4,0.89,244,61,53,68,-1.24,,,,,,,,,,,,,,,,,,,,,,6.6,-0.58,No,-0.77,11,10,13,9,8,11,2,1,3,1,0,1,-0.32,79,76,81,0.09,,,,,,,,,,54,36,73,80,77,83,35098,22,20,24,-0.88
2024,36021,New York,Columbia,,874,7369,6477,8262,-0.75,,,,,,,,,,,,,15511,10465,22143,,,,,,,,,,7036,6063,8009,,13,11,15,-1.12,3.2,2.7,3.8,-1.05,5.3,4.7,5.9,0.1,,6,5,7,-0.97,5,3,8,,,,9,4,14,10,5,15,,,,,,,6,5,7,17,14,21,-0.49,30,27,34,-1.58,8.4,-0.71,20,17,23,-1.28,65,-0.15,17,15,20,0.16,10,37,27,18,36,-0.02,128,207.2,-0.68,10,8,12,-1.1,20,12,33,,,,,,,19,9,34,,,,29,15,49,8,6,10,2554,6,5,6,-1.13,25,40,2471:01:00,0.38,22,36,2786:01:00,0.38,138,225,444:01:00,-0.11,2511,-0.3,,,2877,,2462,43,-0.16,,14,30,36,43,53,-1.24,,46,41,47,53,43543,47307,92,91,93,-0.67,8041,13547,59,54,64,-0.06,836,30539,2.7,-0.71,15,10,20,-0.49,,31,42,6,14,159959,33843,4.7,0.22,2520,9930,25,20,31,0.13,61,9.9,0.28,210,70,60,79,-0.93,,,,,,,,,,101,55,169,,,,,,,72,61,82,7.1,-0.28,No,-0.77,15,13,17,14,12,15,1,1,2,0,0,1,0.46,69,67,72,-1.16,,,,62,45,79,58,51,66,41,29,54,71,68,74,29002,36,33,39,0.23
2024,36023,New York,Cortland,,705,8089,7133,9045,-0.54,,,,,,,,,,,,,,,,,,,,,,,,,,,,,14,11,16,-0.92,3.5,2.9,4.1,-0.68,5.5,4.8,6.3,0.44,,8,7,9,-0.34,,,,,,,,,,,,,,,,,,,,,,19,15,23,-0.05,39,34,44,0.31,8.4,-0.71,24,20,28,-0.52,81,-0.86,19,16,22,0.78,6,16,38,24,50,0.68,150,323.9,-0.24,9,8,11,-1.19,12,6,22,,,,,,,,,,,,,,,,9,7,10,1796,5,4,6,-1.23,17,37,2724:01:00,0.48,16,35,2883:01:00,0.41,188,408,245:01:00,-0.93,3707,0.77,,,,,,55,-1.65,,,,,,50,-0.95,,73,31,,50,26532,29274,91,89,92,-0.41,6784,10075,67,62,73,-0.74,856,22719,3.8,0.13,16,11,22,-0.39,,16,,18,12,121078,29336,4.1,-0.54,1728,8802,20,16,24,-0.44,51,11,0.07,148,63,52,73,-1.18,,,,,,,,,,,,,,,,,,,,,,6.7,-0.52,No,-0.77,13,11,15,11,9,12,2,1,3,1,0,1,0.01,75,73,77,-0.44,,,,,,,,,,46,34,59,74,73,76,22643,35,31,38,0.11
2024,36025,New York,Delaware,,758,8346,7242,9451,-0.47,,,,,,,,,,,,,,,,,,,,,,,,,,,,,15,12,18,-0.66,3.7,3.1,4.4,-0.24,5.3,4.6,6.1,0.18,,7,6,8,-0.86,,,,,,,,,,,,,,,,,,,,,,21,16,25,0.34,34,29,38,-0.86,8.1,-0.45,25,21,29,-0.37,58,0.16,17,14,20,-0.12,4,31,13,5,23,-0.97,80,180.3,-0.78,10,8,12,-1.17,,,,,,,,,,,,,,,,,,,,,,1758,6,5,6,-1.13,17,38,2610:01:00,0.44,9,20,4971:01:00,0.84,66,148,678:01:00,0.24,1609,-1.11,,,,,,46,-0.53,,38,31,,47,47,-0.66,,22,31,47,48,29963,33158,90,89,92,-0.37,5161,8874,58,52,64,0.05,680,18575,3.7,0.04,19,13,26,-0.03,,,,27,20,113969,24283,4.7,0.17,1514,7152,21,17,26,-0.29,59,13.3,-0.33,171,77,65,89,-0.67,,,,,,,,,,,,,,,,,,,,,,6.5,-0.64,No,-0.77,13,11,15,12,10,14,1,1,2,1,0,1,0.09,73,70,75,-0.73,,,,,,,,,,55,38,73,75,71,78,18859,33,29,37,-0.01
2024,36027,New York,Dutchess,,3572,6202,5870,6534,-1.09,4578,3861,5295,,,,,,,,,,8364,7285,9444,,,,,,,,,,6464,6038,6890,,13,12,16,-0.96,3.4,2.8,4.1,-0.77,4.8,4,5.5,-0.73,,8,7,8,-0.39,8,7,9,,,,8,6,11,13,11,14,,,,9,6,12,6,6,7,16,13,19,-0.75,32,28,37,-1.16,8.8,-1.05,23,20,27,-0.71,77,-0.67,18,15,21,0.55,15,108,14,9,19,-0.9,884,297.5,-0.34,6,6,7,-1.46,15,13,17,,,,,,,13,11,16,,,,12,8,16,3,3,4,11429,5,4,6,-1.24,211,71,1408:01:00,-0.47,213,72,1397:01:00,-0.66,1000,336,298:01:00,-0.61,2626,-0.2,,769,4175,3614,2507,44,-0.29,,34,39,35,45,52,-1.15,,55,42,46,53,193075,210886,92,91,92,-0.58,49108,70835,69,67,72,-0.91,4443,145231,3.1,-0.45,9,6,12,-1.22,26,9,21,15,4,182821,38187,4.8,0.29,11333,54552,21,19,23,-0.33,213,7.2,0.76,1094,74,70,79,-0.77,50,41,61,,,,28,16,46,72,58,85,,,,,,,83,77,88,7.8,0.13,Yes,1.3,17,16,18,16,14,17,2,2,2,1,0,1,0.98,72,71,74,-0.76,,,,55,48,62,71,67,74,70,65,74,75,74,76,145279,43,41,45,0.77
2024,36029,New York,Erie,,13141,7683,7475,7892,-0.66,9315,8396,10234,,16337,12320,20354,,3982,3290,4674,,14695,13936,15454,,,,,,,,,,6482,6258,6706,,14,12,17,-0.79,3.5,2.9,4.1,-0.69,5.3,4.7,6,0.13,,9,9,9,0.29,11,10,11,6,4,9,9,8,10,14,14,15,,,,10,8,11,7,7,7,18,14,21,-0.36,35,31,39,-0.55,8.2,-0.54,24,21,28,-0.5,97,-1.55,20,18,23,1.24,52,238,22,19,25,-0.37,4511,474.5,0.32,13,13,14,-0.86,31,28,34,16,10,25,7,6,9,37,35,39,,,,17,14,20,5,5,6,30237,4,4,5,-1.43,696,73,1366:01:00,-0.53,785,83,1211:01:00,-0.98,3739,393,254:01:00,-0.87,2421,-0.38,4666,2039,4444,3772,2107,44,-0.29,32,27,39,38,46,45,-0.47,20,46,30,36,47,618937,671368,92,92,93,-0.69,181357,246207,74,72,75,-1.28,15923,444485,3.6,-0.02,17,14,20,-0.34,17,37,38,38,9,134719,27122,5,0.52,52108,190577,27,26,29,0.32,901,9.5,0.35,3315,72,69,74,-0.86,73,63,84,115,77,164,18,13,26,108,100,116,,,,,,,68,66,71,7.1,-0.28,Yes,1.3,15,14,15,13,13,14,1,1,2,1,1,1,0.44,76,75,77,-0.25,73,64,83,62,57,67,64,61,67,64,61,67,80,79,81,455254,23,23,24,-0.77
2024,36031,New York,Essex,,572,7034,5958,8111,-0.85,,,,,,,,,,,,,,,,,,,,,,,,,,,,,13,11,16,-0.99,3.6,2.9,4.3,-0.54,4.9,4.1,5.7,-0.57,,8,7,9,-0.13,,,,,,,,,,,,,,,,,,,,,,18,15,22,-0.19,35,30,39,-0.64,8.9,-1.13,22,18,26,-0.88,100,-1.67,19,16,22,0.86,3,19,16,5,30,-0.77,52,139.5,-0.93,12,9,15,-0.99,,,,,,,,,,,,,,,,,,,,,,1590,6,5,7,-1.06,19,51,1961:01:00,0.09,10,27,3691:01:00,0.64,76,206,486:01:00,-0.02,2333,-0.46,,,,,,46,-0.53,,,,,,49,-0.86,,,52,25,49,26512,28930,92,90,93,-0.59,4925,8524,58,52,63,0.08,591,16501,3.6,-0.02,16,11,21,-0.39,,,,27,12,123806,28955,4.3,-0.35,1210,5857,21,15,26,-0.34,53,14.2,-0.5,115,62,50,73,-1.2,,,,,,,,,,,,,,,,,,,,,,6.2,-0.82,Yes,1.3,11,9,13,10,8,12,1,1,2,1,0,1,-0.38,74,71,76,-0.6,,,,,,,,,,,,,,,,16875,32,28,35,-0.11
2024,36033,New York,Franklin,,677,7395,6498,8291,-0.74,,,,,,,,,,,,,,,,,,,,,,,,,,,,,16,14,19,-0.37,3.9,3.2,4.6,-0.03,5.1,4.4,5.9,-0.14,,7,6,8,-0.72,,,,5,2,8,,,,,,,,,,,,,7,6,8,23,19,27,0.93,40,36,45,0.55,7.6,-0.03,29,25,33,0.4,57,0.2,21,18,24,1.45,7,24,29,18,40,0.12,72,151.7,-0.88,20,17,23,-0.27,,,,17,10,27,,,,,,,,,,,,,21,18,25,1951,6,5,7,-1.07,25,53,1898:01:00,0.04,26,56,1784:01:00,-0.21,165,356,281:01:00,-0.7,2905,0.05,3760,,,,2857,54,-1.53,37,,,,56,46,-0.56,37,,54,32,47,29420,33832,87,85,89,0.24,5703,11665,49,44,53,0.84,679,18961,3.6,-0.02,23,17,28,0.36,43,,34,32,28,111642,23977,4.7,0.13,2278,9573,24,18,30,-0.03,45,9.5,0.35,130,52,43,61,-1.54,,,,67,34,116,,,,,,,,,,,,,58,47,68,6.9,-0.4,Yes,1.3,13,11,15,11,10,13,1,1,2,1,1,1,0.03,75,72,78,-0.39,,,,,,,,,,,,,,,,18873,23,20,26,-0.83
2024,36035,New York,Fulton,,941,9065,8126,10003,-0.26,,,,,,,,,,,,,,,,,,,,,,,,,,,,,17,14,20,-0.24,4,3.4,4.8,0.2,5.3,4.6,6,0.08,,8,7,9,-0.02,,,,,,,,,,17,8,27,,,,25,14,37,8,7,9,23,19,27,1,35,31,40,-0.44,8,-0.37,26,22,30,-0.14,90,-1.25,19,17,22,0.91,3,25,12,4,24,-1.03,150,282.4,-0.4,23,20,26,0,,,,,,,,,,,,,,,,,,,,,,2315,6,5,6,-1.14,17,32,3124:01:00,0.61,13,25,4051:01:00,0.71,135,256,390:01:00,-0.25,3009,0.15,,,922,,2982,39,0.33,,,,,,46,-0.56,,,60,30,46,33827,38665,87,86,89,0.15,7459,12644,59,53,65,-0.03,885,22433,3.9,0.28,18,11,24,-0.2,,,,15,17,111709,25913,4.3,-0.31,2687,10595,25,18,33,0.13,51,9.6,0.33,173,65,55,75,-1.1,,,,,,,,,,,,,,,,,,,,,,6.6,-0.58,No,-0.77,12,10,14,11,9,12,1,0,1,0,0,1,-0.25,82,79,85,0.57,,,,,,,,,,,,,,,,23844,33,30,37,0.01
2024,36037,New York,Genesee,,803,7447,6604,8291,-0.73,,,,,,,,,,,,,,,,,,,,,,,,,,,,,14,12,16,-0.92,3.5,2.9,4.1,-0.64,4.9,4.2,5.6,-0.5,,7,6,7,-0.8,9,5,13,,,,,,,13,5,20,,,,,,,6,6,7,20,16,24,0.3,40,36,44,0.53,8.8,-1.05,23,19,27,-0.71,65,-0.15,19,16,22,0.81,13,50,26,19,34,-0.09,153,264.5,-0.46,12,10,14,-0.99,33,21,50,,,,,,,,,,,,,34,18,57,9,7,11,2325,5,4,6,-1.22,18,31,3214:01:00,0.64,22,38,2615:01:00,0.31,109,189,528:01:00,0.05,2505,-0.3,,,811,12798,2361,48,-0.78,,,,,,46,-0.56,13,,41,25,47,38657,41797,92,91,94,-0.75,9133,13951,65,61,70,-0.58,926,29695,3.1,-0.4,12,8,17,-0.86,,7,7,20,8,124776,30396,4.1,-0.57,2141,11810,18,14,22,-0.59,69,11.9,-0.09,221,77,67,87,-0.68,,,,,,,,,,,,,,,,,,,,,,7.2,-0.22,Yes,1.3,12,10,14,10,8,12,2,1,2,1,1,2,-0.1,82,80,83,0.52,,,,,,,,,,71,56,87,82,80,85,28247,32,30,35,-0.07
2024,36039,New York,Greene,,764,8080,7107,9053,-0.54,,,,,,,,,,,,,11998,8152,17030,,,,,,,,,,8332,7212,9452,,14,12,17,-0.74,3.5,2.8,4.2,-0.63,5.1,4.3,5.9,-0.24,,7,6,8,-0.5,7,4,11,,,,,,,,,,,,,,,,7,6,8,18,14,22,-0.27,35,30,40,-0.55,8.9,-1.13,25,21,30,-0.33,84,-0.96,20,17,23,1.04,6,36,17,9,26,-0.72,92,189.7,-0.74,11,8,13,-1.08,,,,,,,,,,,,,,,,,,,,,,2071,6,5,7,-1.07,14,29,3464:01:00,0.7,17,35,2827:01:00,0.39,45,94,1068:01:00,0.48,2495,-0.31,,,3403,,2481,36,0.71,,,43,39,36,43,-0.27,,71,31,42,43,32233,36429,88,87,90,-0.03,6311,11362,56,50,61,0.27,716,20288,3.5,-0.06,16,10,22,-0.43,,,32,6,10,137541,28439,4.8,0.35,1288,7649,17,11,22,-0.72,43,8.9,0.46,196,82,71,94,-0.48,74,37,132,,,,,,,,,,,,,,,,88,75,101,6.8,-0.46,Yes,1.3,16,14,18,15,12,17,2,1,3,1,0,2,0.71,74,71,77,-0.52,,,,,,,,,,70,56,84,74,69,78,21390,45,40,49,0.9
2024,36041,New York,Hamilton,x,,,,,0,,,,,,,,,,,,,,,,,,,,,,,,,,,,,16,13,19,-0.5,3.9,3.2,4.7,-0.01,5.2,4.4,6.1,-0.01,,,,,0,,,,,,,,,,,,,,,,,,,,,,21,17,26,0.47,32,27,36,-1.27,7.6,-0.03,25,21,30,-0.29,100,-1.67,18,15,22,0.61,1,5,20,2,48,-0.49,,,0,,,,0,,,,,,,,,,,,,,,,,,,,,,288,8,7,10,-0.59,2,39,2560:01:00,0.42,,,,0,3,59,1706:01:00,0.64,2973,0.12,,,,,,54,-1.53,,,,,,45,-0.47,,,,,,3525,4107,86,81,90,0.44,454,824,55,43,68,0.31,94,2197,4.3,0.55,15,10,20,-0.53,,,,17,12,128500,33182,3.9,-0.86,131,665,20,11,28,-0.43,7,13.7,-0.4,12,53,27,92,-1.52,,,,,,,,,,,,,,,,,,,,,,5.7,-1.12,No,-0.77,8,4,12,8,4,12,1,0,2,1,0,2,-1.08,73,62,84,-0.67,,,,,,,,,,,,,,,,2223,39,32,47,0.49
2024,36043,New York,Herkimer,,951,7293,6483,8102,-0.77,,,,,,,,,,,,,,,,,,,,,,,,,,,,,15,12,17,-0.7,3.7,3,4.5,-0.31,5,4.2,5.8,-0.39,,7,6,8,-0.68,,,,,,,,,,,,,,,,15,6,23,7,6,7,20,16,25,0.3,33,28,38,-0.92,8.1,-0.45,25,21,30,-0.25,79,-0.76,20,17,23,1.08,4,26,15,6,27,-0.8,130,216.9,-0.64,16,14,18,-0.62,,,,,,,,,,,,,,,,,,,,,,2524,5,5,6,-1.16,16,27,3746:01:00,0.76,24,40,2493:01:00,0.26,53,89,1129:01:00,0.51,3002,0.14,,,,,,49,-0.91,,,,,,45,-0.47,,,22,64,45,39288,43013,91,90,92,-0.54,8381,13253,63,58,68,-0.39,1069,27354,3.9,0.25,16,10,22,-0.42,,,,37,15,120377,27592,4.4,-0.24,2357,12304,19,15,23,-0.49,65,10.8,0.1,183,60,51,68,-1.27,,,,,,,,,,,,,,,,,,,,,,6.6,-0.58,Yes,1.3,10,8,11,8,7,9,1,1,2,1,0,2,-0.68,80,78,82,0.3,,,,,,,,,,,,,,,,27448,33,30,37,0.02
2024,36045,New York,Jefferson,,1352,7583,7016,8149,-0.69,,,,,,,,,,,,,8180,5844,11139,,,,,,,,,,8106,7444,8768,,14,12,16,-0.9,3.4,2.9,4,-0.71,4.6,4,5.3,-0.95,,7,7,8,-0.51,7,6,8,,,,6,3,8,14,12,16,,,,7,5,10,7,6,7,20,17,24,0.2,37,34,41,0,7.9,-0.28,24,20,27,-0.6,64,-0.11,21,19,24,1.68,19,45,42,35,49,0.99,714,614,0.83,30,28,33,0.62,44,35,54,,,,,,,27,19,38,,,,27,17,39,29,27,32,4828,5,4,6,-1.22,59,51,1971:01:00,0.09,109,93,1070:01:00,-1.3,278,238,420:01:00,-0.17,2983,0.12,,,11888,,2916,47,-0.66,,35,55,39,47,52,-1.15,55,43,28,28,52,68300,74585,92,91,93,-0.58,22651,33502,68,64,71,-0.76,1774,44238,4,0.33,17,13,21,-0.27,,15,31,21,14,115562,29359,3.9,-0.78,5525,27855,20,17,22,-0.42,122,10.5,0.17,375,67,60,74,-1.02,44,26,69,,,,,,,42,23,70,,,,,,,73,65,81,6.7,-0.52,Yes,1.3,14,12,15,12,10,13,2,1,3,1,1,1,0.21,80,78,81,0.22,,,,67,57,77,71,60,83,72,65,78,82,80,84,54156,21,19,23,-0.98
2024,36047,New York,Kings,,27885,6187,6084,6290,-1.09,6586,6345,6828,,,,,,3280,3070,3489,,9175,8927,9423,,,,,,,,,,4396,4255,4538,,17,15,19,-0.24,3.4,2.9,3.9,-0.81,5,4.5,5.5,-0.36,,8,8,8,-0.26,8,8,8,14,8,21,8,8,8,13,12,13,,,,8,7,10,5,5,5,14,12,16,-1.27,27,24,29,-2.39,7.9,-0.28,28,25,31,0.15,100,-1.67,17,15,19,0.04,38,326,12,9,14,-1.05,19015,720,1.23,12,12,12,-0.96,21,21,22,,,,4,3,4,13,12,13,,,,4,3,6,7,7,8,156121,7,7,8,-0.84,1669,63,1582:01:00,-0.25,1683,65,1539:01:00,-0.47,7507,290,345:01:00,-0.4,3012,0.15,5725,2065,3978,3871,2443,35,0.83,,26,35,32,35,37,0.31,24,47,27,35,41,1558788,1860601,84,84,84,0.81,607993,858533,71,70,72,-1.04,70967,1208843,5.9,1.85,28,25,30,0.95,41,24,26,32,24,167772,24464,6.9,2.91,177469,602829,29,29,30,0.53,1390,5.3,1.1,5231,40,39,41,-1.95,43,41,46,,,,17,15,19,50,47,52,,,,,,,38,36,39,7.6,0.01,No,-0.77,32,32,33,25,25,26,10,10,10,1,1,1,4.45,18,18,18,-8.1,22,16,28,26,25,28,31,29,32,24,23,25,28,28,29,1222797,63,61,64,2.35
2024,36049,New York,Lewis,,336,7459,6191,8728,-0.72,,,,,,,,,,,,,,,,,,,,,,,,,,,,,15,12,17,-0.72,3.7,3,4.5,-0.29,4.8,4.1,5.7,-0.62,,7,6,8,-0.73,,,,,,,,,,,,,,,,,,,,,,19,15,23,0,43,38,48,1.23,8.5,-0.79,27,23,32,0.09,44,0.78,18,15,21,0.49,9,17,53,42,63,1.71,31,116.7,-1.01,14,11,18,-0.78,,,,,,,,,,,,,,,,,,,,,,1080,5,4,6,-1.23,18,68,1476:01:00,-0.38,5,19,5340:01:00,0.88,56,210,477:01:00,-0.04,3492,0.58,,,,,,57,-1.9,,,,,,51,-1.05,,,,,,16853,18480,91,90,92,-0.52,3379,5949,57,51,62,0.16,467,11669,4,0.32,19,14,24,-0.09,,,82,76,18,114576,27821,4.1,-0.55,871,6095,14,11,18,-0.97,40,15.1,-0.65,102,77,62,92,-0.66,,,,,,,,,,,,,,,,,,,,,,6,-0.94,Yes,1.3,12,10,13,10,8,12,1,0,2,1,0,1,-0.3,74,72,76,-0.53,,,,,,,,,,,,,,,,11676,32,29,35,-0.09
2024,36051,New York,Livingston,,751,5915,5192,6638,-1.17,,,,,,,,,,,,,,,,,,,,,,,,,,,,,13,11,15,-1.16,3.2,2.6,3.9,-1.09,4.6,3.8,5.3,-1.1,,7,6,8,-0.71,11,7,16,,,,,,,,,,,,,,,,7,6,7,19,15,23,-0.12,39,35,44,0.35,8.8,-1.05,21,18,25,-1.07,78,-0.73,19,17,23,0.99,5,25,20,10,32,-0.49,99,160.8,-0.85,6,4,7,-1.51,15,8,24,,,,,,,,,,,,,,,,5,4,7,2061,5,4,5,-1.32,28,45,2199:01:00,0.24,31,50,1984:01:00,-0.04,95,154,648:01:00,0.21,2609,-0.21,,,,,,49,-0.91,,,,,,50,-0.95,,,39,26,51,38648,41890,92,91,93,-0.71,8766,13194,66,62,71,-0.66,997,30331,3.3,-0.26,13,8,18,-0.77,,,9,33,14,130871,32575,4,-0.68,2117,10988,19,15,23,-0.48,73,11.9,-0.08,208,66,57,75,-1.05,,,,,,,,,,,,,,,,,,,,,,6.8,-0.46,Yes,1.3,13,11,14,12,10,13,1,1,1,1,0,1,-0.03,76,75,78,-0.21,,,,,,,,,,47,29,66,75,73,78,28236,41,38,44,0.64
2024,36053,New York,Madison,,843,6095,5386,6805,-1.12,,,,,,,,,,,,,,,,,,,,,,,,,,,,,13,11,16,-0.99,3.7,3,4.4,-0.35,5.5,4.7,6.2,0.38,,7,6,8,-0.57,,,,,,,,,,,,,,,,,,,,,,18,15,23,-0.17,36,32,41,-0.31,8.6,-0.88,21,18,25,-1.07,70,-0.37,19,16,22,0.9,7,34,21,12,30,-0.45,118,174.4,-0.8,8,7,9,-1.29,,,,,,,,,,,,,,,,,,,,,,2130,4,4,5,-1.39,50,74,1353:01:00,-0.55,24,36,2796:01:00,0.38,154,230,436:01:00,-0.13,2431,-0.37,,,,,,50,-1.03,,,,,,47,-0.66,,50,60,47,47,42961,46161,93,92,94,-0.85,8881,14192,63,58,67,-0.33,1106,32900,3.4,-0.2,15,11,19,-0.52,,,29,19,12,134722,29381,4.6,0.04,2118,12657,17,13,20,-0.73,60,8.9,0.46,212,60,52,69,-1.25,,,,,,,,,,,,,,,,,,,,,,6.5,-0.64,Yes,1.3,12,10,14,11,9,13,1,0,1,1,0,1,-0.19,78,76,79,-0.01,,,,58,33,82,,,,54,37,72,73,71,76,30850,38,35,41,0.4
2024,36055,New York,Monroe,,9206,7209,6979,7438,-0.8,8499,7738,9259,,,,,,3613,2810,4416,,15009,14183,15834,,,,,,,,,,5547,5307,5787,,14,12,16,-0.83,3.5,3,4.1,-0.6,5.1,4.5,5.7,-0.25,,9,9,9,0.35,11,11,12,,,,8,7,9,15,14,16,,,,11,9,13,6,6,7,17,14,20,-0.58,32,29,35,-1.14,8.1,-0.45,24,21,27,-0.56,94,-1.43,17,15,19,-0.07,49,233,21,18,24,-0.42,4592,608.1,0.81,12,12,13,-0.94,29,26,31,,,,5,3,7,28,26,30,,,,18,15,21,4,4,5,27760,5,4,5,-1.31,811,107,931:01:00,-1.47,640,85,1175:01:00,-1.06,2687,357,280:01:00,-0.7,3347,0.45,,2319,6779,5976,2755,45,-0.41,,39,35,36,47,49,-0.86,46,50,36,38,52,480245,525640,91,91,92,-0.55,146303,195759,75,73,76,-1.37,12554,365242,3.4,-0.14,19,16,22,-0.05,56,22,41,32,8,140513,28600,4.9,0.45,48930,154149,32,30,33,0.76,658,8.7,0.48,3137,84,81,87,-0.42,74,65,83,,,,24,17,34,111,103,120,,,,,,,85,81,88,6.5,-0.64,No,-0.77,15,15,16,14,14,15,1,1,1,1,1,1,0.6,75,74,75,-0.44,74,63,85,63,58,67,69,66,72,69,66,71,79,78,79,365663,18,17,18,-1.24
2024,36057,New York,Montgomery,,805,8467,7522,9411,-0.43,9394,7115,12171,,,,,,,,,,,,,,,,,,,,,,8288,7222,9353,,17,14,20,-0.21,4,3.3,4.7,0.09,5.1,4.4,5.8,-0.28,,8,7,9,-0.18,9,7,11,,,,,,,16,8,23,,,,,,,8,7,9,20,16,24,0.32,36,31,40,-0.35,6.4,0.99,27,23,31,0,65,-0.13,17,14,20,0.07,4,19,21,10,35,-0.42,133,268.4,-0.45,23,20,26,0.01,39,31,48,,,,,,,,,,,,,,,,19,16,22,2196,6,5,6,-1.15,26,52,1906:01:00,0.05,30,60,1654:01:00,-0.34,49,99,1013:01:00,0.46,3088,0.22,,,,,,39,0.33,,21,29,9,41,45,-0.47,,45,28,39,45,30460,34309,89,87,90,-0.08,7116,12029,59,54,64,-0.04,897,22317,4,0.34,20,13,27,0.04,2,,31,28,18,113969,24540,4.6,0.11,3126,11363,28,23,32,0.34,38,7.7,0.67,154,62,53,72,-1.18,46,27,74,,,,,,,,,,,,,,,,68,56,79,6.8,-0.46,Yes,1.3,15,13,16,13,11,15,2,1,2,1,0,1,0.38,75,73,78,-0.35,,,,,,,,,,67,58,76,76,74,78,21665,38,34,41,0.34
2024,36059,New York,Nassau,,12740,4731,4599,4863,-1.51,4895,4593,5197,,,,,,2563,2281,2846,,7534,7039,8028,,,,,,,,,,4479,4307,4651,,11,9,13,-1.51,2.8,2.3,3.3,-1.74,4.2,3.6,4.8,-1.77,,8,8,8,-0.16,8,8,8,,,,10,9,10,13,12,13,,,,9,7,11,6,6,7,11,9,13,-1.95,27,24,30,-2.26,9.9,-1.98,22,19,25,-0.88,99,-1.61,16,14,19,-0.17,64,368,17,15,20,-0.67,4496,323.2,-0.25,6,5,6,-1.5,22,21,24,,,,1,1,2,6,5,7,,,,2,1,3,1,1,1,47613,4,4,5,-1.39,1896,136,734:01:00,-2.27,1680,121,824:01:00,-2.12,5047,365,274:01:00,-0.74,2288,-0.5,,1661,3840,2496,2130,47,-0.66,33,38,38,35,49,57,-1.63,48,53,37,41,59,890553,969981,92,92,92,-0.63,260037,333103,78,77,79,-1.66,20968,729471,2.9,-0.6,7,5,8,-1.53,18,5,9,12,2,,,,0,46510,297034,16,15,17,-0.83,1111,8,0.61,3117,46,44,47,-1.77,36,32,39,,,,21,18,24,43,38,47,,,,,,,54,52,56,8.5,0.55,No,-0.77,20,19,20,17,17,18,3,3,3,1,1,1,1.59,63,63,64,-1.99,63,51,74,58,56,59,65,63,67,62,61,64,74,73,75,689613,48,47,49,1.17
2024,36061,New York,New York,,14040,4774,4653,4896,-1.5,5659,5409,5909,,,,,,2426,2177,2676,,11214,10682,11745,,,,,,,,,,2861,2718,3005,,13,11,15,-1.12,2.9,2.4,3.4,-1.54,4.8,4.2,5.4,-0.69,,8,8,8,-0.06,9,9,9,,,,8,8,8,13,12,13,,,,7,6,9,7,6,7,11,9,14,-1.92,20,18,23,-3.8,8.1,-0.45,20,18,23,-1.25,100,-1.67,21,19,23,1.48,21,180,12,8,15,-1.05,13738,871.2,1.79,7,7,7,-1.4,14,13,15,,,,0,0,1,13,12,14,,,,2,1,3,1,1,1,66992,5,5,6,-1.17,2158,137,731:01:00,-2.28,2988,187,534:01:00,-4.04,16976,1063,94:01:00,-3.88,2069,-0.69,,1293,4575,3319,1439,41,0.09,25,34,35,32,45,53,-1.24,46,50,34,34,59,1121399,1267630,88,88,89,-0.03,502335,590243,85,84,86,-2.26,42121,919101,4.6,0.8,21,18,24,0.2,41,13,35,32,3,,,,0,82409,233952,35,33,37,1.1,2001,12.7,-0.22,3806,47,45,48,-1.72,51,48,54,,,,21,19,24,93,87,99,,,,,,,39,37,41,8.6,0.61,No,-0.77,24,24,25,19,18,20,6,6,6,1,1,1,2.62,6,5,6,-9.79,8,5,11,10,9,10,13,13,14,11,11,12,11,10,11,870794,67,62,71,2.65
2024,36063,New York,Niagara,,3554,8866,8395,9337,-0.32,8061,5857,10822,,24290,17189,33340,,,,,,20464,17832,23095,,,,,,,,,,7707,7241,8174,,14,12,16,-0.92,3.6,3,4.3,-0.44,4.8,4.2,5.5,-0.68,,9,8,9,0.1,10,8,12,13,8,18,7,3,10,14,12,16,,,,10,8,13,8,7,8,20,17,24,0.3,35,31,40,-0.46,8.2,-0.54,25,21,29,-0.31,88,-1.14,18,15,21,0.38,11,90,12,8,18,-1.01,759,358.6,-0.11,16,15,17,-0.59,33,25,41,27,14,47,,,,37,31,44,,,,37,30,46,11,10,12,7506,4,4,5,-1.34,81,38,2613:01:00,0.44,102,48,2067:01:00,0.02,337,160,626:01:00,0.19,2439,-0.36,,,4977,712,2298,42,-0.04,25,34,41,,42,41,-0.08,18,46,30,27,41,139891,152567,92,91,92,-0.6,34593,51008,68,65,71,-0.78,3745,98124,3.8,0.17,21,18,25,0.22,5,62,35,28,12,128526,26425,4.9,0.39,10973,41972,26,23,29,0.2,210,9.9,0.27,804,76,71,82,-0.69,66,42,99,140,78,230,,,,138,111,165,,,,,,,73,68,79,8.4,0.49,No,-0.77,12,11,13,10,9,11,1,1,1,1,1,1,-0.25,79,78,81,0.2,,,,66,49,83,62,57,66,75,65,84,79,77,81,98566,32,30,34,-0.09
2024,36065,New York,Oneida,,3661,8587,8137,9037,-0.4,7249,5745,8753,,,,,,6505,4844,8553,,17455,15069,19842,,,,,,,,,,8084,7596,8572,,15,13,18,-0.59,3.8,3.1,4.5,-0.18,5.2,4.5,5.9,-0.09,,8,8,9,-0.07,10,9,12,,,,9,7,10,14,13,16,,,,11,9,14,7,7,7,21,17,25,0.52,35,31,40,-0.44,8.1,-0.45,25,22,29,-0.29,86,-1.05,18,16,21,0.54,28,90,31,26,37,0.25,825,358.3,-0.12,18,16,19,-0.48,33,28,38,,,,17,13,23,39,33,46,,,,31,24,40,13,11,14,9252,5,5,6,-1.19,162,70,1421:01:00,-0.45,125,55,1831:01:00,-0.17,475,208,482:01:00,-0.03,2578,-0.24,,2592,4175,4581,2479,50,-1.03,,32,39,41,50,49,-0.86,,43,41,36,49,142130,159897,89,88,90,-0.1,35183,54892,64,61,67,-0.46,3553,100117,3.5,-0.05,21,16,26,0.22,28,39,63,31,11,125975,27589,4.6,0.01,12692,49074,26,23,29,0.18,247,10.7,0.13,901,79,73,84,-0.62,55,39,75,,,,21,10,39,123,99,152,,,,,,,81,75,86,6.7,-0.52,No,-0.77,13,12,14,11,10,12,2,2,2,1,1,1,0.05,77,76,79,-0.06,,,,70,61,78,59,50,67,62,54,69,81,80,82,100408,22,20,23,-0.9
2024,36067,New York,Onondaga,,6013,7420,7130,7710,-0.73,7932,6647,9217,,11754,7930,16780,,2966,2215,3889,,14462,13296,15628,,,,,,,,,,6551,6240,6863,,15,13,17,-0.7,3.8,3.2,4.4,-0.19,5.5,4.9,6.2,0.45,,8,8,9,0.03,10,9,11,9,6,12,8,7,9,13,13,14,,,,13,11,15,7,6,7,19,16,23,0.08,36,33,40,-0.22,8.2,-0.54,24,21,28,-0.48,98,-1.57,17,15,20,0.22,39,145,27,23,31,-0.03,2283,482.4,0.34,13,12,14,-0.87,26,23,29,22,13,36,7,5,9,37,34,40,,,,24,20,28,7,6,7,17971,5,4,5,-1.28,437,92,1083:01:00,-1.05,357,76,1312:01:00,-0.8,1468,314,319:01:00,-0.51,2862,0.02,5259,1673,5500,2695,2674,52,-1.28,47,42,41,32,53,52,-1.15,22,54,38,30,54,296419,324436,91,91,92,-0.55,84142,117439,72,70,74,-1.11,7375,224277,3.3,-0.26,19,16,22,-0.07,38,19,52,36,11,140786,28191,5,0.55,27763,99051,28,26,30,0.39,492,10.4,0.18,1786,77,73,81,-0.67,60,47,75,98,57,158,20,12,32,114,101,127,,,,,,,77,73,81,6.4,-0.7,Yes,1.3,15,14,15,13,12,14,2,1,2,1,1,1,0.44,74,73,75,-0.49,73,65,80,54,51,57,58,55,62,60,57,64,80,79,81,222274,17,16,18,-1.26
2024,36069,New York,Ontario,,1345,6112,5541,6683,-1.11,8563,5965,11909,,,,,,,,,,14081,9752,19677,,,,,,,,,,5869,5268,6470,,12,10,14,-1.27,3.2,2.6,3.9,-1.04,5,4.3,5.8,-0.37,,7,6,7,-0.79,9,6,11,,,,,,,15,9,20,,,,12,7,18,6,6,7,17,13,20,-0.63,36,32,41,-0.26,8.9,-1.13,20,17,24,-1.25,80,-0.78,20,17,22,1.05,12,47,26,18,34,-0.12,275,244.4,-0.54,7,6,9,-1.35,26,19,35,,,,,,,,,,,,,,,,6,5,7,3875,4,4,5,-1.34,93,83,1210:01:00,-0.79,68,60,1657:01:00,-0.33,303,269,372:01:00,-0.31,2956,0.1,,,1946,4133,2955,53,-1.4,,33,47,21,53,50,-0.95,,57,34,29,50,74679,80008,93,93,94,-0.9,18701,25029,75,70,79,-1.37,1708,55909,3.1,-0.45,13,9,16,-0.79,,3,,33,7,144288,35649,4,-0.64,4651,21865,21,18,25,-0.28,102,9.1,0.42,342,62,55,69,-1.2,36,17,66,,,,,,,87,44,156,,,,,,,64,57,71,6.9,-0.4,Yes,1.3,11,9,12,9,8,10,1,1,1,1,0,1,-0.53,78,77,80,0.04,,,,54,40,67,71,57,84,55,46,64,80,78,81,54283,34,32,36,0.06
2024,36071,New York,Orange,,4252,6468,6184,6751,-1.01,5082,4569,5595,,,,,,4813,3389,6634,,8637,7631,9643,,,,,,,,,,6636,6261,7011,,15,13,17,-0.68,3.5,2.9,4.2,-0.6,4.6,3.9,5.3,-1.04,,7,7,7,-0.68,8,7,9,,,,9,7,11,13,12,14,,,,9,7,11,6,5,6,16,13,19,-0.83,35,31,39,-0.48,8.6,-0.88,26,22,30,-0.14,80,-0.78,17,15,20,0.2,38,157,24,20,28,-0.21,1434,354.5,-0.13,12,11,12,-0.99,18,16,19,,,,,,,9,8,11,,,,10,7,14,10,9,11,18078,5,5,6,-1.18,270,67,1498:01:00,-0.35,270,67,1503:01:00,-0.51,1096,270,370:01:00,-0.31,3121,0.25,,1501,3557,3210,3075,43,-0.16,,32,41,42,43,49,-0.86,,49,41,43,50,229936,256375,90,89,90,-0.25,61358,96117,64,61,66,-0.44,6088,190481,3.2,-0.34,21,17,25,0.18,13,13,18,17,23,175626,34980,5,0.59,17307,100952,17,15,19,-0.69,277,6.8,0.82,1234,64,60,67,-1.14,43,37,50,,,,26,14,43,62,51,73,,,,,,,73,68,78,5.8,-1.06,Yes,1.3,21,20,22,18,17,19,4,3,4,1,0,1,1.85,71,70,72,-0.98,60,27,92,60,52,68,69,65,73,67,64,69,76,75,77,183472,45,43,47,0.95
2024,36073,New York,Orleans,,652,7330,6345,8314,-0.76,,,,,,,,,,,,,,,,,,,,,,,,,,,,,17,15,20,-0.13,4.2,3.5,5,0.51,5.5,4.8,6.3,0.5,,7,6,8,-0.63,,,,,,,,,,19,10,27,,,,16,7,24,6,5,7,22,18,26,0.73,42,37,46,0.9,8.3,-0.62,28,24,33,0.28,52,0.42,17,15,20,0.18,3,24,13,4,25,-0.99,84,209,-0.67,19,16,22,-0.32,20,12,32,,,,,,,,,,,,,52,30,83,19,16,22,1849,6,5,7,-1.04,3,7,13397:1,1.29,9,23,4369:01:00,0.76,25,64,1573:01:00,0.62,2582,-0.23,,,,,,43,-0.16,,,25,,44,43,-0.27,,,26,4,43,25269,29333,86,85,88,0.39,4659,9979,47,42,51,1.03,645,17176,3.8,0.12,18,11,24,-0.23,,,26,22,16,119415,27360,4.4,-0.24,1853,7643,24,19,29,0.02,49,12.2,-0.14,124,61,51,72,-1.22,,,,,,,,,,,,,,,,,,,,,,7.1,-0.28,No,-0.77,15,12,17,13,11,16,1,1,2,1,0,1,0.4,76,73,78,-0.32,,,,,,,,,,,,,,,,17535,45,41,49,0.94
2024,36075,New York,Oswego,,1736,8349,7724,8973,-0.47,,,,,,,,,,,,,,,,,,,,,,,,,,,,,15,13,18,-0.55,4,3.3,4.7,0.09,5.5,4.8,6.3,0.43,,7,7,8,-0.45,8,5,12,,,,,,,,,,,,,9,4,13,7,7,8,21,17,25,0.39,40,36,45,0.57,8.2,-0.54,27,23,31,0.02,68,-0.27,20,17,23,1.23,25,82,30,25,36,0.21,298,253.9,-0.5,16,15,17,-0.62,17,11,24,,,,,,,,,,,,,21,12,34,16,14,18,5107,5,5,6,-1.15,47,40,2498:01:00,0.39,55,46,2151:01:00,0.07,212,179,558:01:00,0.1,3465,0.56,,,,,,48,-0.78,,62,,,48,48,-0.76,31,46,30,28,48,72087,80294,90,89,91,-0.26,15973,27240,59,55,62,0.01,2136,52915,4,0.35,24,19,28,0.48,,68,46,55,27,125832,27256,4.6,0.08,5620,24362,23,19,27,-0.1,107,9.1,0.41,438,75,68,82,-0.75,,,,,,,,,,,,,,,,,,,,,,6.9,-0.4,No,-0.77,14,13,16,12,10,13,2,2,3,1,1,2,0.32,79,78,80,0.2,,,,52,33,71,,,,69,52,87,77,76,79,53261,38,35,40,0.36
2024,36077,New York,Otsego,,801,7643,6739,8546,-0.67,,,,,,,,,,,,,,,,,,,,,,,,,,,,,13,11,16,-1.03,3.3,2.7,4,-0.93,4.9,4.1,5.7,-0.6,,6,5,6,-1.28,,,,,,,,,,,,,,,,,,,,,,18,15,23,-0.19,30,25,34,-1.69,7.8,-0.2,24,20,28,-0.58,53,0.41,19,16,22,0.69,6,17,35,22,48,0.53,132,227.1,-0.6,6,5,7,-1.51,7,4,13,,,,,,,,,,,,,,,,6,5,7,2199,5,5,6,-1.18,80,138,727:01:00,-2.3,27,45,2246:01:00,0.13,133,219,456:01:00,-0.08,2453,-0.35,,,,5424,2399,50,-1.03,,,80,,50,50,-0.95,,49,33,39,51,36445,39352,93,92,94,-0.77,7790,11723,66,62,71,-0.66,933,27070,3.4,-0.13,17,11,23,-0.28,,2,19,9,16,119729,27563,4.3,-0.27,1974,9028,22,17,27,-0.22,72,12.4,-0.17,202,68,59,78,-0.98,,,,,,,,,,,,,,,,,,,,,,6.5,-0.64,Yes,1.3,14,12,15,12,10,13,1,1,2,1,1,2,0.16,74,71,76,-0.58,,,,39,25,54,59,38,80,58,42,75,76,74,79,26908,31,28,34,-0.19
2024,36079,New York,Putnam,,893,4301,3823,4780,-1.64,2790,2050,3710,,,,,,,,,,,,,,,,,,,,,,4732,4129,5335,,11,9,13,-1.49,2.9,2.3,3.5,-1.56,4.4,3.8,5.1,-1.3,,7,6,8,-0.68,7,6,8,,,,7,3,11,12,7,17,,,,,,,7,6,7,13,11,17,-1.39,29,25,33,-1.87,9.1,-1.3,20,17,23,-1.34,97,-1.56,18,15,21,0.48,5,28,18,9,29,-0.64,174,177.7,-0.79,3,2,4,-1.73,13,10,17,,,,,,,,,,,,,,,,1,0,1,3692,5,4,5,-1.31,52,53,1883:01:00,0.03,61,62,1607:01:00,-0.39,434,443,226:01:00,-1.09,2232,-0.55,,,,2627,2237,45,-0.41,,29,35,38,46,54,-1.34,,46,39,46,54,65947,70716,93,92,94,-0.88,16428,22802,72,68,76,-1.14,1513,51546,2.9,-0.55,6,4,8,-1.62,,24,9,8,5,211327,51372,4.1,-0.56,2938,19008,15,13,18,-0.85,73,7.5,0.71,254,52,45,58,-1.56,36,24,51,,,,,,,,,,,,,,,,58,50,65,7.9,0.19,No,-0.77,17,15,19,15,13,17,1,1,2,0,0,1,0.88,72,70,75,-0.75,,,,65,52,77,78,66,90,65,57,74,72,69,75,49087,60,57,63,2.13
2024,36081,New York,Queens,,24160,5536,5429,5643,-1.28,5211,5020,5402,,,,,,3634,3464,3803,,8421,8093,8748,,,,,,,,,,5726,5501,5952,,17,15,19,-0.26,3.1,2.7,3.6,-1.23,4.2,3.7,4.6,-1.75,,9,9,9,0.22,8,8,8,,,,10,9,10,13,13,14,25,15,36,11,10,13,6,6,6,13,11,15,-1.61,27,24,30,-2.26,8.5,-0.79,30,27,33,0.55,99,-1.63,14,13,16,-0.9,64,343,19,16,21,-0.58,12685,544.2,0.57,10,10,10,-1.14,18,17,19,,,,3,3,3,10,9,11,,,,4,3,5,4,4,5,180805,10,9,10,-0.37,1374,59,1697:01:00,-0.13,1696,74,1343:01:00,-0.75,4503,198,506:01:00,0.02,2605,-0.21,2317,2052,3728,2451,2356,37,0.58,29,31,35,33,40,45,-0.47,32,49,33,36,48,1415532,1709759,83,82,83,0.99,467679,688590,68,67,69,-0.79,59591,1141061,5.2,1.32,16,14,18,-0.4,12,14,14,18,9,162104,33111,4.9,0.43,115227,467525,25,23,26,0.05,1063,4.6,1.22,4464,39,38,40,-2,33,31,35,,,,23,21,24,46,43,49,,,,,,,59,56,62,7.8,0.13,No,-0.77,30,29,30,22,22,23,10,9,10,1,1,1,3.9,33,32,33,-6.15,36,30,43,35,34,36,45,43,46,34,32,35,50,49,51,1112766,63,62,64,2.35
2024,36083,New York,Rensselaer,,2147,6849,6390,7308,-0.9,6577,4677,8992,,,,,,,,,,13689,11420,15958,,,,,,,,,,6319,5841,6796,,13,11,15,-1.1,3.4,2.8,4.1,-0.75,5.1,4.4,5.9,-0.17,,8,8,9,-0.07,9,7,11,,,,10,8,13,14,12,16,,,,10,7,14,7,7,8,17,14,21,-0.44,37,32,41,-0.17,8.5,-0.79,21,18,25,-1.11,78,-0.71,20,17,23,1.24,10,40,25,17,34,-0.16,481,300.2,-0.33,12,11,14,-0.92,24,18,30,,,,,,,23,18,30,,,,23,16,32,10,8,11,5833,5,4,5,-1.32,77,48,2081:01:00,0.17,66,41,2422:01:00,0.22,323,202,495:01:00,0,2517,-0.29,,,4186,622,2469,43,-0.16,,36,33,32,43,52,-1.15,,50,43,40,53,104790,113385,92,92,93,-0.73,30217,42261,72,68,75,-1.1,2512,82323,3.1,-0.46,15,11,19,-0.55,,18,41,27,10,149560,33845,4.4,-0.17,7627,30419,25,22,28,0.1,134,8.4,0.55,457,57,52,63,-1.36,60,39,88,,,,,,,86,63,113,,,,,,,57,51,63,7.4,-0.11,Yes,1.3,12,11,13,10,9,11,1,1,2,1,1,1,-0.17,75,74,76,-0.39,,,,61,54,69,62,56,69,58,50,66,74,72,76,78978,29,27,31,-0.3
2024,36085,New York,Richmond,,5812,6374,6119,6628,-1.04,5989,5446,6532,,,,,,3292,2721,3863,,10785,9718,11852,,,,,,,,,,5974,5647,6300,,14,12,16,-0.94,3.1,2.5,3.7,-1.25,4.7,4.1,5.5,-0.84,,8,8,8,-0.16,9,8,10,,,,8,7,9,13,12,15,,,,11,8,14,6,6,7,16,13,19,-0.75,32,28,37,-1.19,8.9,-1.13,25,22,29,-0.29,99,-1.64,15,12,17,-0.82,8,49,16,10,24,-0.74,1497,303.3,-0.32,8,7,8,-1.34,16,15,18,,,,,,,17,15,20,,,,7,4,11,2,2,3,20038,5,4,6,-1.26,401,81,1231:01:00,-0.75,309,63,1589:01:00,-0.41,1267,258,388:01:00,-0.26,2585,-0.23,,1418,3984,2959,2503,40,0.21,,33,33,34,41,46,-0.56,,49,33,39,47,305608,344639,89,88,89,-0.06,89747,127937,70,68,72,-0.98,12479,227068,5.5,1.55,15,11,18,-0.59,,17,30,17,8,187528,37827,5,0.51,22075,106495,21,19,22,-0.33,192,3.9,1.34,1241,52,49,55,-1.55,36,30,41,,,,20,15,26,62,52,73,,,,,,,57,53,61,7.6,0.01,No,-0.77,23,21,24,19,18,20,5,4,5,1,0,1,2.24,54,53,55,-3.26,,,,50,47,52,53,49,58,52,48,56,67,65,68,221119,52,50,55,1.51
2024,36087,New York,Rockland,,3001,5417,5135,5699,-1.32,5915,5259,6572,,,,,,3175,2333,4017,,7553,6492,8613,,,,,,,,,,5126,4771,5480,,14,12,16,-0.88,3.1,2.5,3.7,-1.28,4.2,3.5,4.9,-1.69,,6,6,6,-1.23,7,6,7,,,,10,8,11,11,10,13,,,,6,2,9,5,5,5,15,12,18,-1.02,27,22,31,-2.37,8.7,-0.96,26,22,30,-0.12,96,-1.5,15,13,18,-0.67,8,74,11,6,17,-1.11,1003,295.7,-0.35,11,11,12,-1.01,29,27,32,,,,,,,7,5,9,,,,,,,8,7,8,14524,5,5,6,-1.21,288,85,1178:01:00,-0.85,319,94,1063:01:00,-1.32,1116,329,304:01:00,-0.58,2445,-0.36,,1487,3342,2945,2349,45,-0.41,,42,40,42,46,54,-1.34,,55,36,44,57,184791,208539,89,88,89,-0.05,49390,76551,65,62,67,-0.5,4539,159361,2.8,-0.62,23,20,27,0.43,11,3,9,23,32,212184,39167,5.4,1.09,12248,97093,13,11,14,-1.13,362,10.7,0.14,782,48,44,51,-1.7,36,29,43,,,,14,8,23,37,29,47,,,,,,,57,52,61,8.6,0.61,Yes,1.3,26,24,27,21,20,22,7,6,7,1,0,1,2.92,69,67,70,-1.24,,,,73,70,76,67,63,71,64,60,68,69,67,71,144661,42,40,44,0.72
2024,36089,New York,St. Lawrence,,1502,7371,6741,8001,-0.75,,,,,,,,,,,,,,,,,,,,,,,,,,,,,16,13,18,-0.5,3.7,3,4.5,-0.26,5.1,4.3,5.9,-0.28,,7,7,8,-0.58,,,,,,,,,,,,,,,,,,,,,,22,18,26,0.71,40,35,45,0.51,7.6,-0.03,25,21,30,-0.27,58,0.17,21,18,24,1.54,11,51,22,14,29,-0.39,270,249.9,-0.52,10,9,11,-1.13,,,,,,,,,,,,,,,,,,,,,,4452,6,5,6,-1.12,59,55,1831:01:00,-0.01,43,40,2505:01:00,0.26,256,238,421:01:00,-0.16,3247,0.36,1556,,,,3232,51,-1.16,42,40,,,51,48,-0.76,32,61,33,30,48,63477,71483,89,88,90,-0.09,13636,23988,57,53,60,0.16,1767,42939,4.1,0.42,22,16,27,0.29,,1,21,23,23,116445,21866,5.3,0.97,3869,21506,18,15,21,-0.6,99,9.2,0.4,319,59,53,65,-1.3,,,,,,,,,,82,39,150,,,,,,,60,53,67,7.3,-0.17,No,-0.77,15,14,17,12,11,14,3,2,3,2,1,2,0.58,77,75,79,-0.09,,,,41,24,58,43,22,65,53,40,65,79,76,81,43767,26,24,28,-0.56
2024,36091,New York,Saratoga,,2523,5103,4767,5438,-1.41,,,,,,,,,,,,,,,,,,,,,,,,,,,,,10,9,12,-1.62,3.1,2.5,3.7,-1.23,4.8,4.1,5.4,-0.77,,7,6,7,-0.88,7,5,9,,,,7,5,9,9,6,12,,,,6,3,9,6,6,7,15,12,19,-0.92,29,26,33,-1.8,9.1,-1.3,19,16,22,-1.55,86,-1.07,21,19,24,1.72,16,75,21,16,28,-0.4,389,163.9,-0.84,6,5,6,-1.52,13,8,18,,,,,,,,,,,,,6,3,11,5,5,6,7772,4,3,5,-1.42,165,70,1439:01:00,-0.42,163,68,1465:01:00,-0.57,540,226,442:01:00,-0.11,2309,-0.48,,,1218,,2320,50,-1.03,,37,38,34,50,55,-1.44,,52,44,44,56,160552,170815,94,93,95,-1.01,45179,58119,78,75,81,-1.63,3230,121807,2.7,-0.78,8,5,10,-1.42,80,1,23,17,6,175859,42476,4.1,-0.52,7915,45691,17,15,20,-0.67,170,7.2,0.76,532,46,42,50,-1.76,,,,,,,,,,48,23,89,,,,,,,49,45,53,7.5,-0.05,No,-0.77,10,9,11,9,8,10,1,1,1,0,0,1,-0.61,78,77,79,0,,,,69,61,77,66,51,80,66,60,72,75,74,77,123295,36,34,38,0.23
2024,36093,New York,Schenectady,,2107,7942,7436,8449,-0.58,9944,7915,11973,,,,,,4912,3402,6865,,14153,12256,16050,,,,,,,,,,6910,6358,7463,,14,12,16,-0.88,3.2,2.6,3.8,-1.16,5,4.3,5.7,-0.34,,9,8,9,0.28,11,9,13,,,,11,9,12,14,12,15,,,,11,9,14,7,6,8,17,14,21,-0.44,36,31,40,-0.35,8.7,-0.96,24,20,27,-0.62,89,-1.2,18,15,21,0.31,18,44,41,33,48,0.91,739,467.5,0.29,16,14,17,-0.63,22,17,27,,,,7,4,11,30,25,35,,,,34,27,43,11,10,13,6444,5,4,6,-1.24,126,80,1255:01:00,-0.71,128,80,1251:01:00,-0.91,431,269,371:01:00,-0.31,2158,-0.61,,1031,3884,,2098,44,-0.29,,27,36,21,45,53,-1.24,,42,37,34,54,100512,109680,92,91,92,-0.59,28786,40678,71,67,74,-1.03,2577,78021,3.3,-0.25,15,10,19,-0.58,,10,36,35,6,142513,31987,4.5,-0.13,8454,33975,25,21,28,0.08,118,7.5,0.71,460,59,54,64,-1.3,48,32,70,,,,39,22,64,67,51,86,,,,,,,62,56,69,7.3,-0.17,Yes,1.3,14,13,16,13,12,15,1,1,2,1,0,1,0.34,73,72,75,-0.63,,,,65,56,74,61,55,66,58,50,65,77,75,79,75018,31,29,34,-0.14
2024,36095,New York,Schoharie,,454,7573,6373,8774,-0.69,,,,,,,,,,,,,,,,,,,,,,,,,,,,,14,12,17,-0.85,3.8,3.1,4.5,-0.21,4.8,4.1,5.6,-0.69,,5,4,6,-1.69,,,,,,,,,,,,,,,,,,,,,,19,15,23,-0.05,37,32,42,-0.09,8.6,-0.88,24,20,28,-0.48,35,1.18,18,15,21,0.42,2,44,5,1,12,-1.53,49,164.1,-0.84,11,8,13,-1.08,,,,,,,,,,,,,,,,,,,,,,1101,5,4,6,-1.24,9,30,3318:01:00,0.66,10,33,3006:01:00,0.46,49,163,614:01:00,0.17,2696,-0.13,,,,,,45,-0.41,,,,,,51,-1.05,,58,,59,51,19603,21509,91,90,93,-0.5,3868,6265,62,56,68,-0.26,534,14798,3.6,0,14,8,19,-0.68,,,,15,10,126030,30605,4.1,-0.55,923,5187,18,13,22,-0.62,21,7,0.78,96,62,50,76,-1.19,,,,,,,,,,,,,,,,,,,,,,6.4,-0.7,Yes,1.3,12,10,14,10,8,11,2,1,3,1,0,1,-0.23,75,73,78,-0.36,,,,,,,,,,,,,,,,13550,48,44,52,1.15
2024,36097,New York,Schuyler,,282,7233,5757,8710,-0.79,,,,,,,,,,,,,,,,,,,,,,,,,,,,,15,12,17,-0.68,3.5,2.8,4.2,-0.65,5.2,4.4,6,-0.01,,5,4,7,-1.43,,,,,,,,,,,,,,,,,,,,,,20,16,24,0.25,35,30,40,-0.57,8.4,-0.71,26,22,30,-0.18,49,0.56,18,15,21,0.41,3,10,30,13,48,0.18,37,208.4,-0.67,15,11,20,-0.67,,,,,,,,,,,,,,,,,,,,,,713,5,4,6,-1.21,11,62,1614:01:00,-0.22,5,28,3530:01:00,0.6,39,221,453:01:00,-0.09,2489,-0.32,,,,,,49,-0.91,,,,,,47,-0.66,,,,,,12209,13283,92,90,94,-0.64,2277,3904,58,51,65,0.03,296,8051,3.7,0.06,18,12,24,-0.16,,,,,,118890,26000,4.6,0.02,403,3360,12,8,16,-1.19,14,7.9,0.63,54,61,46,79,-1.24,,,,,,,,,,,,,,,,,,,,,,6.7,-0.52,No,-0.77,13,11,16,11,8,13,3,1,5,1,0,1,0.14,76,72,79,-0.32,,,,,,,,,,,,,,,,7982,39,33,44,0.42
2024,36099,New York,Seneca,,491,7686,6577,8794,-0.66,,,,,,,,,,,,,,,,,,,,,,,,,,,,,15,13,18,-0.52,3.8,3.1,4.6,-0.14,5.3,4.5,6.2,0.18,,6,5,7,-1.3,,,,,,,,,,,,,,,,,,,,,,21,17,26,0.54,38,33,44,0.22,8.6,-0.88,26,22,31,-0.12,64,-0.07,18,16,22,0.6,6,23,26,15,38,-0.08,64,190,-0.74,16,13,19,-0.64,,,,,,,,,,,,,,,,,,,,,,1604,6,5,8,-0.96,9,27,3743:01:00,0.76,10,30,3288:01:00,0.54,70,213,470:01:00,-0.05,3436,0.53,,,,,,47,-0.66,,,,,,48,-0.76,,,31,26,49,20543,24400,84,83,86,0.74,4433,8280,54,48,59,0.44,477,14852,3.2,-0.32,19,13,25,-0.01,,,35,5,15,114301,27653,4.1,-0.53,897,6692,13,10,17,-1.06,37,11,0.08,138,81,67,94,-0.53,,,,,,,,,,,,,,,,,,,,,,6.9,-0.4,No,-0.77,12,10,14,10,8,12,1,0,1,2,1,3,-0.23,77,74,79,-0.19,,,,,,,,,,,,,,,,14480,26,22,29,-0.58
2024,36101,New York,Steuben,,1543,7876,7216,8535,-0.6,,,,,,,,,,,,,,,,,,,,,,,,,,,,,14,12,17,-0.77,3.3,2.7,4,-0.87,5.2,4.5,6,0,,7,6,8,-0.67,7,3,11,,,,13,7,18,15,7,23,,,,,,,7,6,7,20,16,24,0.2,34,30,38,-0.77,8.2,-0.54,24,20,28,-0.5,50,0.5,19,16,22,0.73,14,41,34,26,42,0.45,156,167.8,-0.82,17,15,19,-0.52,,,,,,,,,,,,,,,,23,12,41,17,15,19,4187,6,5,7,-1.11,52,56,1787:01:00,-0.05,33,36,2806:01:00,0.39,218,235,425:01:00,-0.15,2308,-0.48,,,2444,,2280,46,-0.53,,64,36,,46,46,-0.56,,61,33,35,46,60817,66493,91,91,92,-0.56,13974,21966,64,60,67,-0.42,1497,41353,3.6,0.01,18,12,23,-0.23,,3,57,38,17,120881,27206,4.4,-0.14,4204,20007,21,18,24,-0.3,106,11.4,0,328,69,62,77,-0.95,,,,,,,,,,,,,,,,,,,,,,6.1,-0.88,Yes,1.3,10,9,11,9,8,10,1,1,1,1,1,2,-0.59,79,78,81,0.2,,,,79,69,89,,,,73,61,85,80,78,82,41256,28,27,30,-0.38
2024,36103,New York,Suffolk,,16978,6272,6124,6420,-1.07,5918,5619,6217,,,,,,3520,3004,4035,,10252,9575,10929,,,,,,,,,,5961,5780,6143,,12,11,14,-1.18,2.9,2.4,3.4,-1.61,4.3,3.7,4.8,-1.55,,8,8,8,-0.17,8,8,8,11,5,17,9,8,10,14,13,15,,,,11,9,12,7,7,7,13,10,15,-1.61,30,26,33,-1.69,9.4,-1.56,24,21,27,-0.52,96,-1.5,17,15,19,0.09,157,635,25,23,27,-0.18,4909,321.6,-0.25,9,9,9,-1.22,26,25,28,,,,1,1,2,10,9,11,,,,8,6,10,3,2,3,67796,5,5,6,-1.16,1088,71,1403:01:00,-0.47,1236,81,1234:01:00,-0.94,4781,313,319:01:00,-0.51,2752,-0.08,3273,1943,4168,2965,2669,44,-0.29,29,35,41,37,45,55,-1.44,29,53,39,42,56,965351,1067104,90,90,91,-0.38,254511,363400,70,69,71,-0.97,24984,800832,3.1,-0.4,7,5,9,-1.47,11,6,13,12,4,220315,52789,4.2,-0.48,53393,315350,17,16,18,-0.71,986,6.5,0.89,5091,68,66,70,-0.97,44,40,47,,,,25,20,31,65,59,72,,,,,,,78,76,81,6.4,-0.7,No,-0.77,20,19,20,18,17,18,2,2,2,1,1,1,1.6,75,74,76,-0.41,60,48,72,69,67,71,72,70,74,73,72,74,79,79,80,765877,44,43,45,0.84
2024,36105,New York,Sullivan,,1295,9185,8396,9974,-0.22,7919,6242,9596,,,,,,,,,,11081,8236,13926,,,,,,,,,,9502,8507,10496,,17,15,19,-0.19,3.7,3.1,4.4,-0.36,5.1,4.4,5.8,-0.2,,8,7,9,-0.17,9,7,10,,,,,,,16,13,20,,,,15,9,22,7,6,8,18,15,22,-0.19,37,33,41,-0.09,8.5,-0.79,27,24,31,0.09,52,0.42,18,15,20,0.27,13,52,25,18,33,-0.16,197,246.8,-0.53,18,16,20,-0.45,27,22,33,,,,,,,10,6,16,,,,20,10,37,16,13,19,4006,6,5,7,-0.97,26,33,3069:01:00,0.59,33,41,2414:01:00,0.22,177,222,450:01:00,-0.1,2971,0.11,,2386,3243,2645,2958,39,0.33,,36,28,32,39,50,-0.95,,46,38,39,51,48145,55556,87,85,88,0.29,10808,18835,57,52,63,0.11,1220,37373,3.3,-0.28,25,18,32,0.65,,2,47,21,21,138315,27975,4.9,0.49,4304,16380,26,21,31,0.22,78,9.8,0.3,394,103,93,113,0.24,75,55,99,,,,,,,86,57,125,,,,,,,116,103,129,6.9,-0.4,Yes,1.3,15,13,17,14,12,15,2,1,3,0,0,0,0.52,76,74,78,-0.29,,,,63,50,77,72,60,83,61,53,69,76,74,79,33267,34,30,37,0.04
2024,36107,New York,Tioga,,670,6867,5974,7760,-0.9,,,,,,,,,,,,,,,,,,,,,,,,,,,,,13,11,16,-0.96,3.4,2.7,4.1,-0.82,4.8,4.1,5.6,-0.68,,7,6,8,-0.67,,,,,,,,,,,,,,,,,,,,,,18,15,22,-0.17,37,32,42,-0.17,9,-1.22,23,19,27,-0.75,64,-0.09,17,15,21,0.19,4,31,13,5,23,-0.97,91,189.7,-0.74,18,15,21,-0.44,,,,,,,,,,,,,,,,,,,,,,1685,4,4,5,-1.34,13,27,3691:01:00,0.75,8,17,5972:01:00,0.94,81,170,590:01:00,0.14,3399,0.5,,,,,,46,-0.53,,,,,,50,-0.95,,,50,,50,31977,34747,92,91,93,-0.66,6824,10712,64,58,70,-0.43,715,22261,3.2,-0.32,15,10,20,-0.54,,,,42,11,129454,30641,4.2,-0.42,1700,9797,17,13,21,-0.67,52,10.8,0.11,155,64,54,74,-1.12,,,,,,,,,,,,,,,,,,,,,,7.2,-0.22,No,-0.77,9,8,11,8,7,10,1,0,1,1,0,1,-0.81,82,80,84,0.57,,,,,,,,,,,,,,,,22405,35,31,38,0.13
2024,36109,New York,Tompkins,,867,5287,4717,5857,-1.35,,,,,,,,,,,,,11993,8255,16842,,,,,,,,,,5667,4981,6354,,12,10,14,-1.27,3.1,2.5,3.7,-1.29,5.1,4.4,5.9,-0.23,,6,5,7,-1.06,5,3,7,,,,6,4,8,13,9,17,,,,,,,6,5,7,14,11,18,-1.17,29,25,33,-1.93,8.4,-0.71,17,14,21,-1.82,87,-1.12,20,17,24,1.35,9,33,27,18,37,-0.01,337,320.5,-0.26,3,3,4,-1.69,5,3,8,,,,,,,,,,,,,6,3,11,4,3,5,3760,5,4,6,-1.26,84,80,1252:01:00,-0.71,63,60,1663:01:00,-0.33,448,428,234:01:00,-1.02,1930,-0.82,,,918,,1918,45,-0.41,,36,33,45,46,51,-1.05,,50,37,40,51,58512,61156,96,95,96,-1.32,19455,23370,83,79,88,-2.1,1390,50077,2.8,-0.68,12,8,17,-0.85,,5,42,38,8,145937,26876,5.4,1.1,3929,14491,27,23,32,0.3,111,10.6,0.16,312,60,54,67,-1.25,,,,,,,19,9,35,112,71,168,,,,,,,68,60,77,6.8,-0.46,No,-0.77,22,19,24,20,18,22,2,1,2,1,0,2,1.98,54,52,56,-3.2,,,,31,24,38,36,24,48,49,38,59,63,61,65,48267,21,18,24,-0.96
2024,36111,New York,Ulster,,2427,6677,6231,7122,-0.95,5162,4060,6263,,,,,,,,,,10670,8309,13032,,,,,,,,,,6596,6095,7097,,14,12,16,-0.85,3.6,2.9,4.3,-0.53,5.2,4.5,6,0.01,,8,7,8,-0.35,8,6,9,,,,5,2,8,11,8,13,,,,14,10,18,7,7,8,17,13,20,-0.63,30,26,34,-1.69,8.2,-0.54,20,17,24,-1.28,81,-0.84,19,16,22,0.79,14,87,16,11,22,-0.75,384,209.9,-0.67,8,7,9,-1.29,14,11,17,,,,,,,14,10,20,,,,18,12,25,6,5,7,8757,6,5,7,-1,109,60,1678:01:00,-0.15,124,68,1470:01:00,-0.56,725,398,251:01:00,-0.88,2624,-0.2,,890,4093,4987,2491,39,0.33,,33,39,35,40,51,-1.05,,46,39,43,51,122649,134090,91,91,92,-0.56,28190,44577,63,60,67,-0.39,2764,87617,3.2,-0.37,16,12,21,-0.36,,5,23,29,12,157573,29551,5.3,0.98,6736,30913,22,19,25,-0.23,164,9,0.44,719,80,74,86,-0.56,53,40,70,,,,,,,83,61,112,,,,,,,86,79,93,7.5,-0.05,No,-0.77,19,17,20,17,16,18,2,1,2,1,0,1,1.31,72,70,73,-0.87,,,,40,22,58,65,59,71,71,65,77,70,68,72,83839,39,37,42,0.47
2024,36113,New York,Warren,,958,7510,6689,8330,-0.71,,,,,,,,,,,,,,,,,,,,,,,,,,,,,13,11,16,-1.03,3.6,2.9,4.3,-0.52,5.1,4.3,5.9,-0.29,,8,7,9,-0.23,9,4,15,,,,,,,,,,,,,,,,8,7,9,18,14,22,-0.22,34,29,38,-0.86,8.4,-0.71,23,19,27,-0.71,99,-1.64,19,16,22,0.92,10,33,30,21,40,0.2,115,175.3,-0.79,12,10,14,-0.93,,,,,,,,,,,,,,,,,,,,,,2399,5,4,5,-1.29,73,111,899:01:00,-1.58,58,88,1131:01:00,-1.15,301,459,218:01:00,-1.16,2697,-0.13,,,,,,52,-1.28,,,,,,50,-0.95,,58,50,4,50,45173,49282,92,90,93,-0.6,10255,15077,68,63,73,-0.8,1076,31288,3.4,-0.14,14,9,19,-0.61,,,16,12,7,143116,31796,4.5,-0.07,2399,11615,21,16,25,-0.34,77,11.7,-0.05,179,56,47,64,-1.42,,,,,,,,,,,,,,,,,,,,,,7,-0.34,No,-0.77,12,10,14,11,9,12,1,0,1,1,0,1,-0.16,79,77,81,0.13,,,,,,,,,,,,,,,,31577,27,25,30,-0.45
2024,36115,New York,Washington,,942,7346,6541,8150,-0.76,,,,,,,,,,,,,,,,,,,,,,,,,,,,,15,12,17,-0.68,3.4,2.8,4,-0.83,4.9,4.2,5.7,-0.46,,8,7,9,-0.13,10,5,16,,,,,,,,,,,,,,,,8,7,9,20,17,24,0.32,35,30,39,-0.59,8.6,-0.88,24,20,27,-0.62,65,-0.12,20,17,23,1.11,7,28,25,15,36,-0.16,90,147.6,-0.9,19,16,22,-0.36,,,,,,,,,,,,,,,,,,,,,,2666,6,5,7,-1.09,22,36,2771:01:00,0.5,13,21,4680:01:00,0.8,107,176,569:01:00,0.11,3003,0.14,,,,,,43,-0.16,,,,,,46,-0.56,,,48,52,46,40337,45270,89,88,90,-0.14,7944,14833,54,49,58,0.44,890,27552,3.2,-0.31,15,9,20,-0.58,,,2,11,13,121109,29661,4.1,-0.6,2235,11277,20,15,25,-0.42,56,9.2,0.4,181,59,51,68,-1.29,,,,,,,,,,,,,,,,,,,,,,7.1,-0.28,No,-0.77,13,11,15,11,9,13,2,1,2,2,0,3,0.02,81,78,83,0.35,,,,,,,,,,,,,,,,27765,41,37,45,0.64
2024,36117,New York,Wayne,,1327,7921,7200,8641,-0.59,,,,,,,,,,,,,19554,12774,28652,,,,,,,,,,7790,7033,8547,,14,12,16,-0.88,3.5,2.9,4.2,-0.59,4.9,4.3,5.6,-0.55,,7,7,8,-0.53,8,5,10,,,,,,,8,3,12,,,,,,,7,7,8,20,16,24,0.15,36,32,40,-0.24,8.8,-1.05,25,22,29,-0.27,64,-0.08,18,16,21,0.47,14,51,27,20,35,0.01,278,305.8,-0.31,15,13,16,-0.73,31,22,42,,,,,,,20,10,35,,,,24,14,37,13,11,15,4177,6,5,7,-1.1,21,23,4330:01:00,0.86,45,49,2025:01:00,-0.01,113,124,806:01:00,0.35,4221,1.23,,,7261,629,4198,45,-0.41,,,36,35,45,45,-0.47,,,44,27,45,59081,65234,91,90,92,-0.4,13206,20881,63,59,67,-0.39,1391,43492,3.2,-0.34,14,10,19,-0.62,,15,11,14,13,127768,31040,4.1,-0.55,2979,19136,16,12,19,-0.84,92,10.1,0.23,342,76,68,84,-0.71,,,,,,,,,,150,90,234,,,,,,,77,69,86,7,-0.34,Yes,1.3,12,10,14,11,9,12,2,1,2,1,1,2,-0.16,80,78,82,0.3,,,,,,,69,57,82,51,39,64,79,76,82,42736,39,36,41,0.45
2024,36119,New York,Westchester,,8790,4769,4611,4927,-1.5,4744,4452,5035,,,,,,2529,2063,2994,,8162,7615,8709,,,,,,,,,,4122,3908,4335,,12,10,14,-1.25,2.6,2.2,3.1,-1.97,4.2,3.7,4.8,-1.67,,8,8,8,-0.28,8,7,8,,,,9,8,9,13,12,13,,,,8,6,10,6,6,6,11,9,13,-2,28,24,31,-2.17,9.3,-1.47,21,18,24,-1.17,100,-1.66,16,14,19,-0.21,30,168,18,14,22,-0.64,3520,352.7,-0.14,7,6,7,-1.42,17,16,18,,,,1,1,2,9,8,10,,,,4,3,6,1,1,1,48089,6,5,7,-1.05,1313,132,760:01:00,-2.14,1094,110,905:01:00,-1.8,4563,461,217:01:00,-1.17,2373,-0.42,,1552,3888,3087,2085,46,-0.53,,38,41,39,49,56,-1.53,49,54,38,40,59,620673,695064,89,89,90,-0.18,185773,243635,76,75,78,-1.5,15505,496415,3.1,-0.4,11,8,13,-1.06,11,7,20,15,4,,,,0,43418,213234,20,19,22,-0.37,825,8.3,0.56,2155,44,42,46,-1.82,31,28,34,,,,20,16,26,54,48,59,,,,,,,52,49,54,9.1,0.9,Yes,1.3,22,21,23,19,18,19,4,4,4,1,1,1,2.1,53,52,54,-3.41,55,47,64,54,53,56,56,54,59,55,53,57,67,66,68,485163,43,41,44,0.75
2024,36121,New York,Wyoming,,516,5975,5096,6854,-1.15,,,,,,,,,,,,,,,,,,,,,,,,,,,,,14,12,17,-0.81,3.4,2.8,4.2,-0.72,4.8,4.1,5.7,-0.63,,7,6,8,-0.63,,,,,,,,,,,,,,,,,,,,,,20,16,24,0.27,39,34,44,0.37,8.8,-1.05,25,21,29,-0.42,65,-0.14,19,16,23,0.89,6,21,29,17,41,0.08,67,165.5,-0.83,10,8,13,-1.11,,,,,,,,,,,,,,,,,,,,,,1357,5,4,5,-1.32,14,35,2892:01:00,0.54,19,48,2088:01:00,0.03,100,252,397:01:00,-0.23,3239,0.35,,,,,,47,-0.66,,,,,,42,-0.18,,,,,,25812,29511,87,86,89,0.15,5578,10375,54,49,58,0.42,611,17510,3.5,-0.1,17,13,21,-0.3,,,,43,13,118563,30349,3.9,-0.82,1454,7977,18,14,23,-0.58,59,14.6,-0.56,126,63,52,74,-1.16,,,,,,,,,,,,,,,,,,,,,,6.9,-0.4,No,-0.77,9,7,10,8,6,9,1,0,1,1,0,1,-0.97,80,77,82,0.22,,,,,,,,,,,,,,,,17810,38,35,41,0.38
2024,36123,New York,Yates,,342,6823,5591,8054,-0.91,,,,,,,,,,,,,,,,,,,,,,,,,,,,,15,12,18,-0.59,3.4,2.8,4.1,-0.75,5,4.2,5.8,-0.39,,4,3,5,-2.09,,,,,,,,,,,,,,,,,,,,,,19,15,23,-0.02,31,27,36,-1.34,9,-1.22,23,19,28,-0.65,44,0.77,16,14,19,-0.24,3,13,23,9,39,-0.29,35,142.2,-0.92,11,9,14,-1,,,,,,,,,,,,,,,,,,,,,,1931,11,9,12,-0.17,12,49,2051:01:00,0.15,11,45,2223:01:00,0.11,27,110,906:01:00,0.41,2151,-0.62,,,,,,53,-1.4,,,,,,43,-0.27,,,,,,14120,16746,84,82,86,0.71,2071,5034,41,36,47,1.5,343,11671,2.9,-0.55,22,15,28,0.27,,,,60,20,118135,28683,4.1,-0.55,1035,5410,19,14,24,-0.49,29,11.8,-0.06,89,72,58,88,-0.85,,,,,,,,,,,,,,,,,,,,,,6.5,-0.64,Yes,1.3,12,10,15,10,8,12,2,1,3,1,0,1,-0.1,72,68,75,-0.86,,,,,,,,,,,,,,,,10662,32,27,36,-0.13
